Time (s),Pos_0,Pos_1,Pos_2,Pos_3,Pos_4,Pos_5,Pos_6,Temp_0,Temp_1,Temp_2,Temp_3,Temp_4,Temp_5,Temp_6,Torque_0,Torque_1,Torque_2,Torque_3,Torque_4,Torque_5,Torque_6,Current_0,Current_1,Current_2,Current_3,Current_4,Current_5,Current_6,Velocity_0,Velocity_1,Velocity_2,Velocity_3,Velocity_4,Velocity_5,Velocity_6,Tool_X,Tool_Y,Tool_Z,Tool_Roll,Tool_Pitch,Tool_Yaw
7.152557373046875e-07,-1.3993348230480096,0.5318767212199432,-0.5820678240734033,-1.405121696778831,-0.036325524211294195,0.0037815214478634338,0.0,26,29,31,28,32,31,0,-1.9070003032684326,-6.846080780029297,-5.0761823654174805,-0.26266923546791077,-1.0296099185943604,2.8241470317880157e-06,0.0,1.1174999475479126,-2.3450000286102295,-0.19499999284744263,0.7649999856948853,0.10000000149011612,-0.26499998569488525,0.0,19.923088073036915,-7.572338742206119,8.28731440678659,20.00618415447929,0.5174049189575959,-0.05371548244892976,0.0,209.631,0.852,112.868,179.96988226781895,-0.10983600932657882,0.014782311114375238
0.5007457733154297,0.0,0.0,0.0,0.0,0.0,0.0,0.0,26,29,31,28,32,31,0,0.0,-8.10462474822998,-4.635746955871582,-1.26474049539896e-16,-1.030268907546997,-1.7458432649513574e-19,0.0,0.47999998927116394,-1.7300000190734863,-0.4925000071525574,0.25,0.11999999731779099,-0.2199999988079071,0.0,0.0,0.0,0.0,0.0,0.0,0.0,0.0,206.587,4.105,113.184,179.9674758450794,-0.02245994556912827,0.01873571990077792
1.0011012554168701,0.0,0.0,0.0,0.0,0.0,0.0,0.0,26,29,31,28,32,31,0,0.0,-8.10462474822998,-4.635746955871582,-1.26474049539896e-16,-1.030268907546997,-1.7458432649513574e-19,0.0,0.3100000023841858,-1.5299999713897705,-0.5799999833106995,0.2199999988079071,0.03999999910593033,-0.17000000178813934,0.0,0.0,0.0,0.0,0.0,0.0,0.0,0.0,206.587,4.105,113.184,179.9674758450794,-0.02245994556912827,0.01873571990077792
1.501819372177124,0.0,0.0,-12.127110100179978,0.0,0.0,0.0,0.0,26,29,31,28,32,31,0,0.0004959495272487402,-10.671794891357422,-7.390931129455566,-0.03204543516039848,-1.137628197669983,0.0012411955976858735,0.0,0.07249999791383743,-1.4375,-2.6675000190734863,0.1850000023841858,-0.07999999821186066,-0.07999999821186066,0.0,0.0,0.0,-30.00353204262695,0.0,0.0,0.0,0.0,295.069,3.963,155.428,179.97784638117128,-12.149398158410568,-0.04033622877720995
2.0024304389953613,0.0,0.0,-24.128513260108253,0.0,0.0,0.0,0.0,26,29,31,28,32,31,0,0.00047481682850047946,-12.867321014404297,-6.5600810050964355,-0.062853142619133,-1.1869734525680542,0.0024526643101125956,0.0,0.20749999582767487,-1.8875000476837158,-2.5225000381469727,0.1599999964237213,-0.15000000596046448,-0.03500000014901161,0.0,0.0,0.0,-30.00353204262695,0.0,0.0,0.0,0.0,371.965,3.732,214.615,-179.99778531244183,-24.150686726779817,-0.10530964274504531
2.503211498260498,0.0,0.0,-42.130618000000666,0.0,0.0,0.0,0.0,26,29,31,28,32,31,0,0.00040473780245520175,-15.365078926086426,-9.955105781555176,-0.10350815951824188,-1.1643462181091309,0.004051364492624998,0.0,0.44999998807907104,-2.559999942779541,-3.115000009536743,0.11999999731779099,-0.27000001072883606,-0.032499998807907104,0.0,0.0,0.0,-30.00353204262695,0.0,0.0,0.0,0.0,460.195,3.241,329.962,-179.9200349396426,-42.15244769199515,-0.23479810444461136
3.003937244415283,0.0,0.0,-54.13207845570846,0.0,0.0,0.0,0.0,26,29,31,28,32,31,0,0.0003354096843395382,-16.39375877380371,-13.178231239318848,-0.12517960369586945,-1.0857927799224854,0.004903562366962433,0.0,0.47999998927116394,-3.002500057220459,-3.677500009536743,0.09000000357627869,-0.3375000059604645,-0.03999999910593033,0.0,0.0,0.0,-30.00353204262695,0.0,0.0,0.0,0.0,497.19,2.838,419.669,-179.81300642351215,-54.15350707724635,-0.372365271055522
3.5046725273132324,0.0,0.0,-72.13418319560087,0.0,0.0,0.0,0.0,26,29,31,28,32,31,0,0.0002050519542535767,-16.87005043029785,-13.794206619262695,-0.14717954397201538,-0.8813118934631348,0.005768678616732359,0.0,0.4424999952316284,-3.184999942779541,-3.7850000858306885,0.04500000178813934,-0.33000001311302185,-0.05000000074505806,0.0,0.0,0.0,-30.00353204262695,0.0,0.0,0.0,0.0,515.916,2.165,563.677,-179.3556142156592,-72.15435130998948,-0.872041764189113
4.005381345748901,0.0,0.0,-84.13558635552914,0.0,0.0,0.0,0.0,26,29,31,28,32,31,0,0.0001061090879375115,-16.456188201904297,-13.622305870056152,-0.15390652418136597,-0.6959129571914673,0.006033207755535841,0.0,0.42250001430511475,-3.1424999237060547,-3.755000114440918,0.019999999552965164,-0.28999999165534973,-0.05000000074505806,0.0,0.0,0.0,-30.00353204262695,0.0,0.0,0.0,0.0,503.095,1.699,659.862,-177.44015901075736,-84.15082703287963,-2.8144259854621168
4.5061094760894775,0.0,0.0,-102.13769109542156,0.0,0.0,0.0,0.0,26,29,31,28,32,31,0,-4.95900385431014e-05,-14.78336238861084,-11.717081069946289,-0.15135517716407776,-0.3643814027309418,0.005932879634201527,0.0,0.3799999952316284,-2.9200000762939453,-3.422499895095825,-0.009999999776482582,-0.20000000298023224,-0.05999999865889549,0.0,0.0,0.0,-30.00353204262695,0.0,0.0,0.0,0.0,447.299,1.023,793.937,-1.6891941716046932,-77.83631646852234,-178.60521139137637
5.006747484207153,0.0,0.0,-114.13915155112936,0.0,0.0,0.0,0.0,26,29,31,28,32,31,0,-0.0001516298798378557,-13.03787612915039,-8.43665599822998,-0.14133481681346893,-0.12182594835758209,0.005538842640817165,0.0,0.36000001430511475,-2.640000104904175,-2.8499999046325684,-0.03999999910593033,-0.14000000059604645,-0.07000000029802322,0.0,0.0,0.0,-30.00353204262695,0.0,0.0,0.0,0.0,388.098,0.618,870.821,-1.0145936636176618,-65.83668947775897,-179.3070846904116
5.507529258728027,0.0,0.0,-132.14125629102176,0.0,0.0,0.0,0.0,26,29,31,28,32,31,0,-0.00029094135970808566,-9.66426944732666,-5.15623140335083,-0.11491595208644867,0.24790216982364655,0.004499959293752909,0.0,0.3199999928474426,-2.077500104904175,-2.2774999141693115,-0.08250000327825546,-0.05000000074505806,-0.07999999821186066,0.0,0.0,0.0,-30.00353204262695,0.0,0.0,0.0,0.0,272.734,0.122,959.028,-0.7329849073108622,-47.83538687877974,-179.63223823914836
6.00816535949707,0.0,0.0,-144.14265945095002,0.0,0.0,0.0,0.0,26,29,31,28,32,31,0,-0.0003687303978949785,-7.05496883392334,-2.878556251525879,-0.09083379060029984,0.4826067090034485,0.003552963025867939,0.0,0.30000001192092896,-1.6449999809265137,-1.8799999952316284,-0.10999999940395355,-2.168404344971009e-17,-0.07999999821186066,0.0,0.0,0.0,-30.00353204262695,0.0,0.0,0.0,0.0,183.019,-0.114,996.005,-0.6557501965272272,-35.83427019774903,-179.74138669912077
6.508791923522949,0.0,0.0,-162.14476419084244,0.0,0.0,0.0,0.0,26,29,31,28,32,31,0,-0.0004543172544799745,-2.884744167327881,1.8057187795639038,-0.04762796685099602,0.7914402484893799,0.0018539561424404383,0.0,0.25999999046325684,-0.9325000047683716,-1.0625,-0.14249999821186066,0.09000000357627869,-0.09000000357627869,0.0,0.0,0.0,-30.00353204262695,0.0,0.0,0.0,0.0,39.006,-0.298,1014.704,-0.5981679381165794,-17.832451936754175,-179.85414479320252
7.009513854980469,0.0,0.0,-174.14616735077072,0.0,0.0,0.0,0.0,26,29,31,28,32,31,0,-0.00048700717161409557,-0.11095045506954193,4.685043811798096,-0.015938300639390945,0.955390453338623,0.0006078057340346277,0.0,0.23999999463558197,-0.44749999046325684,-0.5600000023841858,-0.12250000238418579,0.14749999344348907,-0.10000000149011612,0.0,0.0,0.0,-30.00353204262695,0.0,0.0,0.0,0.0,-57.178,-0.301,1001.865,-0.5816094578372987,-5.831163368384927,-179.9148783194864
7.510257720947266,0.0,0.0,-191.7512123386375,0.0,0.0,0.0,0.0,26,29,31,28,32,31,0,0.0013821977190673351,10.137557029724121,7.014133453369141,0.07241280376911163,1.4819222688674927,-0.003578510135412216,0.0,0.19499999284744263,0.29499998688697815,0.18250000476837158,-0.09000000357627869,0.23999999463558197,-0.10000000149011612,0.0,0.0,0.0,-12.095825326664762,0.0,0.0,0.0,0.0,-188.498,-0.13,947.721,-0.5801197675699585,11.773652436363774,-179.99933229848867
8.010990619659424,0.0,0.0,-191.91398964823412,0.0,0.0,0.0,0.0,26,29,31,28,32,31,0,-1.7185129073198757e-18,3.642263412475586,7.111141204833984,0.03198574483394623,1.1284475326538086,-0.001257793395780027,0.0,0.17749999463558197,0.8075000047683716,0.8500000238418579,-0.07000000029802322,0.28999999165534973,-0.10999999940395355,0.0,0.0,0.0,0.0,0.0,0.0,0.0,0.0,-189.625,-0.128,947.036,-0.5802343591289847,11.936372450180926,179.9999052562838
8.511737585067749,0.0,0.0,-181.35517962488626,0.0,0.0,0.0,0.0,26,29,31,28,32,31,0,-0.0004959772923029959,1.5442548990249634,5.262129306793213,0.004174874629825354,1.0363482236862183,-0.00018309055303689092,0.0,0.14000000059604645,0.4925000071525574,2.134999990463257,-0.03750000149011612,0.3799999952316284,-0.11999999731779099,0.0,0.0,0.0,29.9834547015617,0.0,0.0,0.0,0.0,-112.921,-0.256,984.6,-0.5778852321689483,1.3776770183920646,-179.94942767453279
9.012483596801758,0.0,0.0,-169.3617405783103,0.0,0.0,0.0,0.0,26,29,31,28,32,31,0,-0.0004764375917147845,-1.1505309343338013,0.9216544032096863,-0.02809734456241131,0.8979277014732361,0.0010859679896384478,0.0,0.11500000208616257,-0.2199999988079071,1.377500057220459,-0.019999999552965164,0.4325000047683716,-0.12999999523162842,0.0,0.0,0.0,29.9834547015617,0.0,0.0,0.0,0.0,-19.173,-0.312,1009.398,-0.5865941906549369,-10.61553284506584,-179.89138704988602
9.513234853744507,0.0,0.0,-151.25174788559477,0.0,0.0,0.0,0.0,26,29,31,28,32,31,0,-0.000408049498219043,-5.372161388397217,-1.9433456659317017,-0.07404810935258865,0.6163591742515564,0.0028929156251251698,0.0,0.07500000298023224,-0.800000011920929,0.8774999976158142,4.5961498496005504e-15,0.4099999964237213,-0.12999999523162842,0.0,0.0,0.0,29.9834547015617,0.0,0.0,0.0,0.0,126.911,-0.212,1008.798,-0.6269877152116599,-28.725296354663335,-179.79066106950202
10.013942241668701,0.0,0.0,-139.2583661347983,0.0,0.0,0.0,0.0,26,29,31,28,32,31,0,-0.000339911668561399,-8.089753150939941,-4.808345794677734,-0.10068746656179428,0.3937923312187195,0.003940470051020384,0.0,0.05000000074505806,-1.159999966621399,0.3774999976158142,0.02250000089406967,0.3499999940395355,-0.14000000059604645,0.0,0.0,0.0,29.9834547015617,0.0,0.0,0.0,0.0,220.452,-0.028,983.232,-0.6818770719851928,-40.71844892234173,-179.70190990703628
10.514102220535278,0.0,0.0,-121.26829350860365,0.0,0.0,0.0,0.0,26,29,31,28,32,31,0,-0.00021099182777106762,-11.753089904785156,-8.103096008300781,-0.13207721710205078,0.030263056978583336,0.005174826830625534,0.0,0.05000000074505806,-1.7050000429153442,-0.19750000536441803,0.057500001043081284,0.2524999976158142,-0.15000000596046448,0.0,0.0,0.0,29.9834547015617,0.0,0.0,0.0,0.0,345.78,0.403,910.06,-0.8621868901128629,-58.70794859074127,-179.47627912731375
11.014719009399414,0.0,0.0,-109.2749117578072,0.0,0.0,0.0,0.0,26,29,31,28,32,31,0,-0.00011270744289504364,-13.764488220214844,-10.40942096710205,-0.145958811044693,-0.21644896268844604,0.005720700602978468,0.0,0.0949999988079071,-2.075000047683716,-0.6000000238418579,0.07249999791383743,0.1899999976158142,-0.15000000596046448,0.0,0.0,0.0,29.9834547015617,0.0,0.0,0.0,0.0,414.025,0.776,841.168,-1.1855642696846993,-70.70041360906549,-179.12488411156002
11.515144348144531,0.0,0.0,-104.83271267637842,0.0,0.0,0.0,0.0,26,29,31,28,32,31,0,5.620222837300199e-18,-14.340873718261719,-10.87199592590332,-0.14977462589740753,-0.2998996078968048,0.005889671389013529,0.0,0.22499999403953552,-2.5299999713897705,-1.6575000286102295,0.10999999940395355,0.09000000357627869,-0.1599999964237213,0.0,0.0,0.0,0.0,0.0,0.0,0.0,0.0,435.429,0.928,812.255,-1.4416191083286642,-75.14192514114013,-178.85880251150127
12.015740871429443,0.0,0.0,-111.56743048768465,0.0,0.0,0.0,0.0,26,29,31,28,32,31,0,-0.00013043027138337493,-13.450173377990723,-11.77078628540039,-0.14402179419994354,-0.17460578680038452,0.005644466727972031,0.0,0.33000001311302185,-2.447499990463257,-3.432499885559082,0.12999999523162842,0.029999999329447746,-0.16750000417232513,0.0,0.0,0.0,-30.03323312023275,0.0,0.0,0.0,0.0,402.119,0.701,855.417,-1.0952088253925687,-68.40818135808561,-179.22056806334686
12.51615571975708,0.0,0.0,-129.58735421500563,0.0,0.0,0.0,0.0,26,29,31,28,32,31,0,-0.0002731590939220041,-10.188347816467285,-6.699736595153809,-0.11942296475172043,0.19613096117973328,0.004677153658121824,0.0,0.4925000071525574,-1.8200000524520874,-2.547499895095825,0.1599999964237213,-0.05000000074505806,-0.17000000178813934,0.0,0.0,0.0,-30.03323312023275,0.0,0.0,0.0,0.0,290.706,0.182,948.786,-0.7564761769112259,-50.38923165901635,-179.602272546463
13.016849517822266,0.0,0.0,-133.19859260615618,0.0,0.0,0.0,0.0,26,29,31,28,32,31,0,5.243136838636263e-18,-9.389249801635742,-5.920372009277344,-0.11294728517532349,0.28019458055496216,0.0044414889998734,0.0,0.47999998927116394,-1.125,-1.462499976158142,0.18250000476837158,-0.11999999731779099,-0.18000000715255737,0.0,0.0,0.0,0.0,0.0,0.0,0.0,0.0,265.163,0.097,963.032,-0.7241613572658474,-46.77810785942483,-179.64375469083046
13.517215013504028,0.0,0.0,-127.19714618105839,0.0,0.0,0.0,0.0,26,29,31,28,32,31,0,-1.0091752365657197e-17,-10.602913856506348,-4.985099792480469,-0.12341704219579697,0.15840402245521545,0.004853197373449802,0.0,0.4424999952316284,-1.6325000524520874,-0.8700000047683716,0.20999999344348907,-0.12999999523162842,-0.1899999976158142,0.0,0.0,0.0,0.0,0.0,0.0,0.0,0.0,307.097,0.242,938.484,-0.781629024117469,-52.77932510140458,-179.5711609381874
14.01778244972229,0.0,0.0,-127.19714618105839,0.0,0.0,0.0,0.0,26,29,31,28,32,31,0,-1.0091752365657197e-17,-10.602913856506348,-7.134036064147949,-0.12341704219579697,0.15840402245521545,0.004853197373449802,0.0,0.38749998807907104,-1.622499942779541,-0.9700000286102295,0.2199999988079071,-0.10999999940395355,-0.1899999976158142,0.0,0.0,0.0,0.0,0.0,0.0,0.0,0.0,307.097,0.242,938.484,-0.781629024117469,-52.77932510140458,-179.5711609381874
14.518142700195312,0.0,0.0,-139.5477671171189,0.0,0.0,0.0,0.0,26,29,31,28,32,31,0,-0.00033987293136306107,-8.078836441040039,-2.166620969772339,-0.10058586299419403,0.3947644531726837,0.00393649423494935,0.0,0.3174999952316284,-1.5049999952316284,-1.7549999952316284,0.1899999976158142,-0.08749999850988388,-0.16249999403953552,0.0,0.0,0.0,-29.96788870044324,0.0,0.0,0.0,0.0,218.265,-0.034,984.077,-0.6801581985998002,-40.42904794002115,-179.70443092133485
15.018747806549072,0.0,0.0,-151.5349036279484,0.0,0.0,0.0,0.0,26,29,31,28,32,31,0,-0.0004078411730006337,-5.362119674682617,-1.464695930480957,-0.07394538819789886,0.6171286106109619,0.0028888960368931293,0.0,0.26499998569488525,-0.7749999761581421,-1.6325000524520874,0.1599999964237213,-0.05999999865889549,-0.15000000596046448,0.0,0.0,0.0,-29.96788870044324,0.0,0.0,0.0,0.0,124.646,-0.215,1009.163,-0.6260709827394505,-28.442140612309682,-179.79243723866693
15.519100904464722,0.0,0.0,-158.49129881019076,0.0,0.0,0.0,0.0,26,29,31,28,32,31,0,8.321039915589433e-18,-3.729607343673706,-0.26072970032691956,-0.056806690990924835,0.7447425127029419,0.00223384122364223,0.0,0.19499999284744263,-0.5475000143051147,-0.36000001430511475,0.11999999731779099,2.6020852139652106e-18,-0.12250000238418579,0.0,0.0,0.0,0.0,0.0,0.0,0.0,0.0,68.595,-0.278,1014.589,-0.6061320514688979,-21.485860021626358,-179.83403397459344
16.019734859466553,0.0,0.0,-163.06327283221668,0.0,0.0,0.0,0.0,26,29,31,28,32,31,0,-0.00045840011443942785,-2.669983386993408,1.7374897003173828,-0.04525940492749214,0.8053064942359924,0.001760780462063849,0.0,0.14499999582767487,-1.190000057220459,-1.0750000476837158,0.09000000357627869,0.029999999329447746,-0.10000000149011612,0.0,0.0,0.0,-30.031590459737366,0.0,0.0,0.0,0.0,31.571,-0.302,1014.437,-0.5963917689516739,-16.914000591159468,-179.85901493446113
16.52013611793518,0.0,0.0,-180.68590762439393,0.0,0.0,0.0,0.0,26,29,31,28,32,31,0,-0.001680472632870078,8.251192092895508,6.101761817932129,0.04278626665472984,1.3921499252319336,-0.002414870774373412,0.0,0.07000000029802322,0.14499999582767487,0.02250000089406967,0.05000000074505806,0.09000000357627869,-0.07999999821186066,0.0,0.0,0.0,-12.128668291288768,0.0,0.0,0.0,0.0,-107.842,-0.261,986.497,-0.5779998237279744,0.7084623136792629,-179.94621911088007
17.02074432373047,0.0,0.0,-180.8490860044472,0.0,0.0,0.0,0.0,26,29,31,28,32,31,0,-4.0778921109249703e-19,1.3512178659439087,4.820095539093018,0.0022960088681429625,1.0387964248657227,-9.028723434312269e-05,0.0,0.02250000089406967,0.2800000011920929,0.4099999964237213,0.019999999552965164,0.14000000059604645,-0.05999999865889549,0.0,0.0,0.0,0.0,0.0,0.0,0.0,0.0,-109.083,-0.26,986.04,-0.5779998237279744,0.8716406937325214,-179.94702125179322
17.52109718322754,0.0,0.0,-168.8558188452098,0.0,0.0,0.0,0.0,26,29,31,28,32,31,0,-0.0004748143255710602,-1.2673249244689941,1.4961103200912476,-0.02944168820977211,0.8911745548248291,0.001138845575042069,0.0,0.03999999910593033,-0.23999999463558197,1.4774999618530273,-0.009999999776482582,0.20000000298023224,-0.03999999910593033,0.0,0.0,0.0,29.97297036118573,0.0,0.0,0.0,0.0,-15.121,-0.312,1010.008,-0.5872244442295806,-11.12151187394587,-179.88886603558745
18.021725177764893,0.0,0.0,-159.14045999207397,0.0,0.0,0.0,0.0,26,29,31,28,32,31,0,-1.020282700549143e-17,-3.5788421630859375,1.260599970817566,-0.05516986548900604,0.7551206350326538,0.0021694754250347614,0.0,0.08250000327825546,-0.7900000214576721,0.2199999988079071,-0.03500000014901161,0.23999999463558197,-0.029999999329447746,0.0,0.0,0.0,0.0,0.0,0.0,0.0,0.0,63.339,-0.282,1014.747,-0.6046423612015578,-20.836698839743136,-179.83770090448226
18.522156953811646,0.0,0.0,-160.3449891647775,0.0,0.0,0.0,0.0,26,29,31,28,32,31,0,0.002754075685516,-6.631681442260742,1.6951144933700562,-0.07072517275810242,0.6037413477897644,0.0030925546307116747,0.0,0.14499999582767487,-0.42250001430511475,-1.0425000190734863,-0.07999999821186066,0.3100000023841858,-0.029999999329447746,0.0,0.0,0.0,-28.86340613051716,0.0,0.0,0.0,0.0,53.583,-0.29,1014.883,-0.6018921637849298,-19.632226962819118,-179.8443472149058
19.022815465927124,0.0,0.0,-170.29021868531981,0.0,0.0,0.0,0.0,26,29,31,28,32,31,0,6.982166203291715e-18,-1.0034449100494385,0.7305750250816345,-0.02613139897584915,0.9171698093414307,0.001027579652145505,0.0,0.1899999976158142,0.007499999832361937,0.1274999976158142,-0.10499999672174454,0.3499999940395355,-0.03999999910593033,0.0,0.0,0.0,0.0,0.0,0.0,0.0,0.0,-26.595,-0.311,1008.185,-0.5854482750646751,-9.687112033835854,-179.8960280080266
19.523226022720337,0.0,0.0,-169.30908575693778,0.0,0.0,0.0,0.0,26,29,31,28,32,31,0,-0.0032823088113218546,3.3924803733825684,0.6232138872146606,-0.0023943812120705843,1.1248528957366943,-0.00038035327452234924,0.0,0.2574999928474426,-0.4124999940395355,1.2350000143051147,-0.15000000596046448,0.4099999964237213,-0.05000000074505806,0.0,0.0,0.0,27.334814916910183,0.0,0.0,0.0,0.0,-18.752,-0.312,1009.463,-0.5866514864344499,-10.668187666438364,-179.89115786676797
20.023788452148438,0.0,0.0,-157.31742287952673,0.0,0.0,0.0,0.0,26,29,31,28,32,31,0,-0.0004368040827102959,-3.958385944366455,-0.05683187022805214,-0.05926133692264557,0.7190854549407959,0.002311407122761011,0.0,0.3050000071525574,-0.7475000023841858,1.2074999809265137,-0.12999999523162842,0.41999998688697815,-0.05000000074505806,0.0,0.0,0.0,30.01504432647301,0.0,0.0,0.0,0.0,78.093,-0.27,1014.151,-0.6090541362240651,-22.659735952290387,-179.8273303683904
20.524140119552612,0.0,0.0,-139.30844264609274,0.0,0.0,0.0,0.0,26,29,31,28,32,31,0,-0.0003409470955375582,-8.078765869140625,-4.454607009887695,-0.10058408975601196,0.39474865794181824,0.003936364781111479,0.0,0.3700000047683716,-1.2899999618530273,0.4399999976158142,-0.10000000149011612,0.36000001430511475,-0.05999999865889549,0.0,0.0,0.0,30.01504432647301,0.0,0.0,0.0,0.0,220.074,-0.029,983.379,-0.6815332973081142,-40.66842970682681,-179.70236827327236
21.024805068969727,0.0,0.0,-127.30239852802391,0.0,0.0,0.0,0.0,26,29,31,28,32,31,0,-0.0002577557461336255,-10.59825611114502,-8.179106712341309,-0.12286096811294556,0.15440857410430908,0.004812370985746384,0.0,0.4124999940395355,-1.6475000381469727,-0.20999999344348907,-0.07999999821186066,0.29499998688697815,-0.07000000029802322,0.0,0.0,0.0,30.01504432647301,0.0,0.0,0.0,0.0,306.385,0.239,938.952,-0.7804831085272075,-52.67413005021856,-179.57259333267524
21.525388956069946,0.0,0.0,-109.29336099881041,0.0,0.0,0.0,0.0,26,29,31,28,32,31,0,-0.0001131024764617905,-13.761846542358398,-9.98405647277832,-0.14594174921512604,-0.2160894125699997,0.005719989538192749,0.0,0.47749999165534973,-2.247499942779541,-0.5249999761581421,-0.05000000074505806,0.20000000298023224,-0.07999999821186066,0.0,0.0,0.0,30.01504432647301,0.0,0.0,0.0,0.0,413.931,0.776,841.285,-1.1847621287715162,-70.6820216638418,-179.1257435482527
22.026081085205078,0.0,0.0,-101.84336267606285,0.0,0.0,0.0,0.0,26,29,31,28,32,31,0,-6.344267469152818e-19,-14.726322174072266,-9.597749710083008,-0.15163931250572205,-0.3592149317264557,0.005962997674942017,0.0,0.44999998807907104,-2.757499933242798,-1.6749999523162842,-0.029999999329447746,0.14000000059604645,-0.07999999821186066,0.0,0.0,0.0,0.0,0.0,0.0,0.0,0.0,448.543,1.034,791.903,-1.7231132730764378,-78.13058759210153,-178.57060474055046
22.52676820755005,0.0,0.0,-105.21034915914915,0.0,0.0,0.0,0.0,26,29,31,28,32,31,0,-7.613078196300194e-05,-14.380924224853516,-15.183045387268066,-0.14940805733203888,-0.30335181951522827,0.005856304429471493,0.0,0.3799999952316284,-2.5799999237060547,-4.027500152587891,4.6395179364999706e-15,0.03999999910593033,-0.09000000357627869,0.0,0.0,0.0,-30.009204514732648,0.0,0.0,0.0,0.0,433.697,0.915,814.776,-1.4139452468238454,-74.76440324992844,-178.88733580969878
23.027151346206665,0.0,0.0,-117.21404415025792,0.0,0.0,0.0,0.0,26,29,31,28,32,31,0,-0.00017694670532364398,-12.519881248474121,-8.178119659423828,-0.13774804770946503,-0.05845563858747482,0.005397791042923927,0.0,0.32499998807907104,-1.9500000476837158,-2.805000066757202,0.019999999552965164,-0.009999999776482582,-0.10000000149011612,0.0,0.0,0.0,-30.009204514732648,0.0,0.0,0.0,0.0,370.446,0.523,888.389,-0.9387340515423407,-62.76196876596891,-179.3901635707056
23.52786946296692,0.0,0.0,-135.21958663692115,0.0,0.0,0.0,0.0,26,29,31,28,32,31,0,-0.00031237135408446193,-9.01644515991211,-4.940670013427734,-0.10918018221855164,0.3095904588699341,0.004274401348084211,0.0,0.2549999952316284,-1.7350000143051147,-2.240000009536743,0.042500000447034836,-0.10249999910593033,-0.10000000149011612,0.0,0.0,0.0,-30.009204514732648,0.0,0.0,0.0,0.0,250.492,0.053,970.293,-0.7085769052382891,-44.75717112443939,-179.66449576301423
24.028146982192993,0.0,0.0,-147.22322433225042,0.0,0.0,0.0,0.0,26,29,31,28,32,31,0,-0.0003863648453261703,-6.355168342590332,-1.2877949476242065,-0.08396409451961517,0.5397771596908569,0.0032828147523105145,0.0,0.20999999344348907,-1.1825000047683716,-1.6024999618530273,0.07000000029802322,-0.12999999523162842,-0.10999999940395355,0.0,0.0,0.0,-30.009204514732648,0.0,0.0,0.0,0.0,158.903,-0.16,1002.403,-0.6421138010031135,-32.75376261222815,-179.76373205313087
24.528747081756592,0.0,0.0,-165.22876681891364,0.0,0.0,0.0,0.0,26,29,31,28,32,31,0,-0.0004648620670195669,-2.164609909057617,2.995380163192749,-0.03962996229529381,0.8372216820716858,0.0015394389629364014,0.0,0.13500000536441803,-0.16750000417232513,-0.8550000190734863,0.0949999988079071,-0.07000000029802322,-0.11999999731779099,0.0,0.0,0.0,-30.009204514732648,0.0,0.0,0.0,0.0,14.066,-0.308,1013.334,-0.5925529517242974,-14.748506604462522,-179.87041679458423
25.029156923294067,0.0,0.0,-176.75599010759163,0.0,0.0,0.0,0.0,26,29,31,28,32,31,0,-0.0027245832607150078,7.491982936859131,4.4807963371276855,0.03211352229118347,1.35060453414917,-0.0019929741974920034,0.0,0.07999999821186066,0.0024999999441206455,-0.2175000011920929,0.11999999731779099,-0.0024999999441206455,-0.12999999523162842,0.0,0.0,0.0,-10.123900194410599,0.0,0.0,0.0,0.0,-77.604,-0.289,996.426,-0.57977599289288,-3.221397907343541,-179.9274833909793
25.529726266860962,0.0,0.0,-176.75599010759163,0.0,0.0,0.0,0.0,26,29,31,28,32,31,0,-0.0019493552390486002,5.6257710456848145,6.867483139038086,0.021378830075263977,1.2573413848876953,-0.0013749910285696387,0.0,0.019999999552965164,-0.05000000074505806,0.6274999976158142,0.15000000596046448,0.10000000149011612,-0.12999999523162842,0.0,0.0,0.0,8.288508836117698,0.0,0.0,0.0,0.0,-77.604,-0.289,996.426,-0.57977599289288,-3.221397907343541,-179.9274833909793
26.030134677886963,0.0,0.0,-165.22893870625217,0.0,0.0,0.0,0.0,26,29,31,28,32,31,0,-0.00046560398186556995,-2.1086511611938477,0.18754853308200836,-0.03900185599923134,0.8406869173049927,0.0015147400554269552,0.0,0.029999999329447746,-0.2750000059604645,1.25,0.17000000178813934,0.18000000715255737,-0.13750000298023224,0.0,0.0,0.0,30.00888349584166,0.0,0.0,0.0,0.0,14.064,-0.308,1013.334,-0.5925529517242974,-14.748334717123981,-179.87041679458423
26.53076457977295,0.0,0.0,-147.2235681069275,0.0,0.0,0.0,0.0,26,29,31,28,32,31,0,-0.00038767553633078933,-6.3001790046691895,-3.694526433944702,-0.08341750502586365,0.5441746115684509,0.0032613214571028948,0.0,0.09000000357627869,-0.9474999904632568,0.5724999904632568,0.20000000298023224,0.28999999165534973,-0.15000000596046448,0.0,0.0,0.0,30.00888349584166,0.0,0.0,0.0,0.0,158.9,-0.16,1002.404,-0.6421138010031135,-32.753418837551074,-179.76373205313087
27.031150817871094,0.0,0.0,-135.22004500315722,0.0,0.0,0.0,0.0,26,29,31,28,32,31,0,-0.0003139933687634766,-8.96512508392334,-6.144101619720459,-0.10871849209070206,0.314374715089798,0.0042562466114759445,0.0,0.14000000059604645,-1.2799999713897705,0.14499999582767487,0.2199999988079071,0.35749998688697815,-0.15000000596046448,0.0,0.0,0.0,30.00888349584166,0.0,0.0,0.0,0.0,250.489,0.053,970.294,-0.7085769052382891,-44.75671275820328,-179.66449576301423
27.531710386276245,0.0,0.0,-117.09463974575266,0.0,0.0,0.0,0.0,26,29,31,28,32,31,0,-0.00017792443395592272,-12.499006271362305,-10.112126350402832,-0.13759909570217133,-0.05596394091844559,0.005391934420913458,0.0,0.20499999821186066,-2.005000114440918,-0.5475000143051147,0.20000000298023224,0.3100000023841858,-0.1599999964237213,0.0,0.0,0.0,30.00888349584166,0.0,0.0,0.0,0.0,371.149,0.526,887.725,-0.9413123616204294,-62.881373170474184,-179.38724148595043
28.0323805809021,0.0,0.0,-105.09111664198242,0.0,0.0,0.0,0.0,26,29,31,28,32,31,0,-7.716801337664947e-05,-14.364447593688965,-10.341326713562012,-0.14932267367839813,-0.3009333312511444,0.005852947011590004,0.0,0.2475000023841858,-2.4700000286102295,-0.5874999761581421,0.17000000178813934,0.23749999701976776,-0.17000000178813934,0.0,0.0,0.0,30.00888349584166,0.0,0.0,0.0,0.0,434.246,0.919,813.981,-1.422539613750808,-74.88363576709516,-178.87845496387425
28.53298044204712,0.0,0.0,-91.40109226824458,0.0,0.0,0.0,0.0,26,29,31,28,32,31,0,-1.1260984827704032e-19,-15.826218605041504,-10.786725044250488,-0.1548912525177002,-0.5577105283737183,0.006090875249356031,0.0,0.3174999952316284,-2.9574999809265137,-1.8825000524520874,0.12999999523162842,0.11749999970197678,-0.17000000178813934,0.0,0.0,0.0,0.0,0.0,0.0,0.0,0.0,485.678,1.42,716.036,-11.896895658096414,-88.54678842024136,-168.3732737901506
29.033108234405518,0.0,0.0,-91.40109226824458,0.0,0.0,0.0,0.0,26,29,31,28,32,31,0,-1.1260984827704032e-19,-15.826218605041504,-12.357340812683105,-0.1548912525177002,-0.5577105283737183,0.006090875249356031,0.0,0.36000001430511475,-2.4649999141693115,-1.774999976158142,0.10000000149011612,0.029999999329447746,-0.17499999701976776,0.0,0.0,0.0,0.0,0.0,0.0,0.0,0.0,485.678,1.42,716.036,-11.896895658096414,-88.54678842024136,-168.3732737901506
29.53323221206665,0.0,0.0,-96.55312876206094,0.0,0.0,0.0,0.0,26,29,31,28,32,31,0,-4.80731563980708e-18,-15.332743644714355,-11.863865852355957,-0.15392528474330902,-0.4616878032684326,0.006052889861166477,0.0,0.32749998569488525,-2.117500066757202,-2.640000104904175,0.05999999865889549,-0.07999999821186066,-0.1899999976158142,0.0,0.0,0.0,0.0,0.0,0.0,0.0,0.0,469.086,1.226,754.313,-2.852298495720264,-83.41789942134827,-177.42955929154743
30.033902406692505,0.0,0.0,-99.9161045405813,0.0,0.0,0.0,0.0,26,29,31,28,32,31,0,-3.0289786081993952e-05,-15.054048538208008,-13.853811264038086,-0.15249204635620117,-0.40787097811698914,0.0059776087291538715,0.0,0.2549999952316284,-2.7774999141693115,-3.7950000762939453,0.03750000149011612,-0.1599999964237213,-0.20000000298023224,0.0,0.0,0.0,-29.984492890315543,0.0,0.0,0.0,0.0,456.428,1.103,778.43,-1.9949817468660136,-80.05715817822893,-178.2944390832974
30.534137725830078,0.0,0.0,-117.90680742035062,0.0,0.0,0.0,0.0,26,29,31,28,32,31,0,-0.00018226983956992626,-12.399417877197266,-8.353011131286621,-0.13688498735427856,-0.044135864824056625,0.005363883916288614,0.0,0.14249999821186066,-1.537500023841858,-2.8350000381469727,4.627374872168133e-15,-0.23499999940395355,-0.20000000298023224,0.0,0.0,0.0,-29.984492890315543,0.0,0.0,0.0,0.0,366.341,0.502,892.215,-0.9240090362074785,-62.06932008743527,-179.40649286786683
31.03476095199585,0.0,0.0,-129.90059024160365,0.0,0.0,0.0,0.0,26,29,31,28,32,31,0,-0.00027454865630716085,-10.124624252319336,-5.631260871887207,-0.11888305097818375,0.202534019947052,0.00465598376467824,0.0,0.07000000029802322,-1.9574999809265137,-2.359999895095825,-0.029999999329447746,-0.20000000298023224,-0.18000000715255737,0.0,0.0,0.0,-29.984492890315543,0.0,0.0,0.0,0.0,288.527,0.175,950.085,-0.7533822048175194,-50.07599563241833,-179.6061113636904
31.535135984420776,0.0,0.0,-147.89129312137297,0.0,0.0,0.0,0.0,26,29,31,28,32,31,0,-0.0003893714747391641,-6.202218055725098,-1.6345860958099365,-0.08244170248508453,0.5519877672195435,0.0032229803036898375,0.0,0.06750000268220901,-0.8349999785423279,-1.662500023841858,-0.07000000029802322,-0.10000000149011612,-0.1574999988079071,0.0,0.0,0.0,-29.984492890315543,0.0,0.0,0.0,0.0,153.63,-0.17,1003.619,-0.6394208993659987,-32.08575111888513,-179.76837301127145
32.03569436073303,0.0,0.0,-159.885075942626,0.0,0.0,0.0,0.0,26,29,31,28,32,31,0,-0.0004453167493920773,-3.413599729537964,1.115813970565796,-0.05340171232819557,0.7564257383346558,0.0020810244604945183,0.0,0.08749999850988388,-0.4975000023841858,-1.1825000047683716,-0.10000000149011612,-0.029999999329447746,-0.14000000059604645,0.0,0.0,0.0,-29.984492890315543,0.0,0.0,0.0,0.0,57.308,-0.287,1014.855,-0.6029234878161652,-20.09214018497063,-179.84182620060722
32.536219358444214,0.0,0.0,-177.87577882239532,0.0,0.0,0.0,0.0,26,29,31,28,32,31,0,-0.0004922467051073909,0.7266380190849304,5.427639007568359,-0.005880643613636494,0.9980568885803223,0.00021232690778560936,0.0,0.11749999970197678,-0.16750000417232513,-0.4300000071525574,-0.14000000059604645,0.07249999791383743,-0.11999999731779099,0.0,0.0,0.0,-29.984492890315543,0.0,0.0,0.0,0.0,-86.288,-0.282,993.808,-0.5791457393182362,-2.1016664883193727,-179.932811898474
33.03684401512146,0.0,0.0,-186.635902439489,0.0,0.0,0.0,0.0,26,29,31,28,32,31,0,-5.342543268749823e-18,2.577357053756714,3.710175037384033,0.017904596403241158,1.0907469987869263,-0.0007040724158287048,0.0,0.13500000536441803,0.6924999952316284,0.6474999785423279,-0.12999999523162842,0.1525000035762787,-0.10000000149011612,0.0,0.0,0.0,0.0,0.0,0.0,0.0,0.0,-152.149,-0.201,967.581,-0.5778852321689483,6.658399832994809,-179.97458052173903
33.537224769592285,0.0,0.0,-184.11179416881967,0.0,0.0,0.0,0.0,26,29,31,28,32,31,0,-0.0004976357449777424,2.136852979660034,9.286551475524902,0.011619489639997482,1.061893105506897,-0.00047584751155227423,0.0,0.1599999964237213,0.7200000286102295,2.8375000953674316,-0.10000000149011612,0.25999999046325684,-0.07999999821186066,0.0,0.0,0.0,29.98995704165155,0.0,0.0,0.0,0.0,-133.594,-0.229,976.167,-0.5775414574918698,4.1342915623254815,-179.96254840804127
34.03783345222473,0.0,0.0,-172.13032994016194,0.0,0.0,0.0,0.0,26,29,31,28,32,31,0,0.0005807266570627689,-2.429802656173706,4.121510028839111,-0.03167401999235153,0.8388904333114624,0.0014220544835552573,0.0,0.1899999976158142,-0.07999999821186066,1.909999966621399,-0.07999999821186066,0.3375000059604645,-0.054999999701976776,0.0,0.0,0.0,28.195598044797503,0.0,0.0,0.0,0.0,-41.242,-0.307,1005.425,-0.5834429227817173,-7.847000778993702,-179.90508074118966
34.538100719451904,0.0,0.0,-171.15114506828337,0.0,0.0,0.0,0.0,26,29,31,28,32,31,0,1.6498879357509451e-18,-0.80722576379776,2.661651849746704,-0.023833779618144035,0.9283126592636108,0.0009372290223836899,0.0,0.20999999344348907,-0.012500000186264515,0.7699999809265137,-0.05000000074505806,0.4300000071525574,-0.029999999329447746,0.0,0.0,0.0,0.0,0.0,0.0,0.0,0.0,-33.459,-0.309,1006.952,-0.5844742468129528,-8.82618565087228,-179.90026789571056
35.03872871398926,0.0,0.0,-161.4367602433993,0.0,0.0,0.0,0.0,26,29,31,28,32,31,0,-0.00045119476271793246,-3.0223586559295654,0.6512775421142578,-0.04913834109902382,0.7824620604515076,0.001913391170091927,0.0,0.23499999940395355,-0.4050000011920929,1.3300000429153442,-0.029999999329447746,0.4300000071525574,-0.029999999329447746,0.0,0.0,0.0,29.970504662895355,0.0,0.0,0.0,0.0,44.74,-0.295,1014.829,-0.5996003326044065,-18.540455884197335,-179.85030597597515
35.539214849472046,0.0,0.0,-143.33455977669755,0.0,0.0,0.0,0.0,26,29,31,28,32,31,0,-0.0003645826946012676,-7.182951927185059,-4.777897357940674,-0.09207314252853394,0.4719199240207672,0.0036017405800521374,0.0,0.25999999046325684,-1.1349999904632568,0.3824999928474426,4.660334618211692e-15,0.3725000023841858,-0.029999999329447746,0.0,0.0,0.0,29.970504662895355,0.0,0.0,0.0,0.0,189.286,-0.101,994.113,-0.6596463095341168,-36.64236987200154,-179.73519875493338
36.03989052772522,0.0,0.0,-132.00420478642647,0.0,0.0,0.0,0.0,26,29,31,28,32,31,0,0.011747779324650764,-16.287946701049805,-6.160638332366943,-0.15248705446720123,-0.0699135884642601,0.006659053731709719,0.0,0.2800000011920929,-1.4375,-0.38499999046325684,0.019999999552965164,0.3100000023841858,-0.03999999910593033,0.0,0.0,0.0,6.611492489204466,0.0,0.0,0.0,0.0,273.71,0.125,958.499,-0.7341881186806369,-47.97243838337503,-179.6306912531015
36.54059028625488,0.0,0.0,-131.93396016074342,0.0,0.0,0.0,0.0,26,29,31,28,32,31,0,-0.0023695984855294228,-8.312066078186035,-5.445452690124512,-0.10772843658924103,0.3203754127025604,0.004102705977857113,0.0,0.3100000023841858,-1.4175000190734863,-0.949999988079071,0.042500000447034836,0.2199999988079071,-0.05000000074505806,0.0,0.0,0.0,1.1334206940572509,0.0,0.0,0.0,0.0,274.21,0.126,958.226,-0.7347610764757677,-48.04268300905807,-179.62988911218832
37.041208267211914,0.0,0.0,-121.00605072577225,0.0,0.0,0.0,0.0,26,29,31,28,32,31,0,-0.00020950133330188692,-11.801398277282715,-10.472434043884277,-0.13244445621967316,0.024826906621456146,0.005189215764403343,0.0,0.33000001311302185,-1.8700000047683716,-0.6100000143051147,0.07000000029802322,0.1599999964237213,-0.05000000074505806,0.0,0.0,0.0,30.02460317621644,0.0,0.0,0.0,0.0,347.421,0.411,908.711,-0.8664840735763439,-58.97019137357264,-179.4712943944961
37.54182529449463,0.0,0.0,-108.98946418427302,0.0,0.0,0.0,0.0,26,29,31,28,32,31,0,8.474985672211064e-18,-13.75597858428955,-7.6209001541137695,-0.14650565385818481,-0.21610116958618164,0.005761123262345791,0.0,0.36000001430511475,-2.7049999237060547,-1.3300000429153442,0.10000000149011612,0.0625,-0.05999999865889549,0.0,0.0,0.0,0.0,0.0,0.0,0.0,0.0,415.467,0.786,839.361,-1.1983985242956299,-70.98586118259968,-179.11147689915393
38.042240619659424,0.0,0.0,-108.98957877583204,0.0,0.0,0.0,0.0,26,29,31,28,32,31,0,8.474985672211064e-18,-13.75597858428955,-10.287100791931152,-0.14650565385818481,-0.21610116958618164,0.005761123262345791,0.0,0.3799999952316284,-1.875,-1.4924999475479126,0.11999999731779099,-8.933825901280557e-17,-0.07000000029802322,0.0,0.0,0.0,-0.03062424037112982,0.0,0.0,0.0,0.0,415.467,0.786,839.361,-1.1983985242956299,-70.98574659104064,-179.11147689915393
38.542805910110474,0.0,0.0,-125.5680552821629,0.0,0.0,0.0,0.0,26,29,31,28,32,31,0,-0.0002429979940643534,-10.98552417755127,-7.030601978302002,-0.1260318011045456,0.11390895396471024,0.0049370513297617435,0.0,0.4099999964237213,-1.6024999618530273,-2.6050000190734863,0.14749999344348907,-0.09000000357627869,-0.07999999821186066,0.0,0.0,0.0,-30.021744742048792,0.0,0.0,0.0,0.0,318.016,0.285,931.075,-0.8009377018133778,-54.40835870452054,-179.5478988517051
39.04323744773865,0.0,0.0,-137.57679230186886,0.0,0.0,0.0,0.0,26,29,31,28,32,31,0,-0.0003283647820353508,-8.50947093963623,-4.165602207183838,-0.10457373410463333,0.3562110364437103,0.00409324374049902,0.0,0.4300000071525574,-1.3200000524520874,-2.1050000190734863,0.16750000417232513,-0.15000000596046448,-0.07999999821186066,0.0,0.0,0.0,-30.021744742048792,0.0,0.0,0.0,0.0,233.07,0.004,978.102,-0.6923621996360867,-42.40002275527118,-179.68695570858335
39.54385495185852,0.0,0.0,-155.58978323986875,0.0,0.0,0.0,0.0,26,29,31,28,32,31,0,-0.0004284681926947087,-4.418381214141846,-0.025677060708403587,-0.06413914263248444,0.6865899562835693,0.0025032113771885633,0.0,0.44999998807907104,-0.9275000095367432,-1.3825000524520874,0.20000000298023224,-0.11500000208616257,-0.09000000357627869,0.0,0.0,0.0,-30.021744742048792,0.0,0.0,0.0,0.0,92.051,-0.256,1013.154,-0.6136377985851117,-24.387318296168846,-179.8173036069756
40.04415464401245,0.0,0.0,-167.59852025957468,0.0,0.0,0.0,0.0,26,29,31,28,32,31,0,-0.000472313811769709,-1.6137008666992188,3.3979978561401367,-0.03340467810630798,0.8707373142242432,0.0012946228962391615,0.0,0.46000000834465027,-0.21250000596046448,-0.7850000262260437,0.2199999988079071,-0.05999999865889549,-0.10000000149011612,0.0,0.0,0.0,-30.021744742048792,0.0,0.0,0.0,0.0,-5.028,-0.312,1011.37,-0.5889433176149732,-12.378753163801436,-179.8825062040615
40.544841051101685,0.0,0.0,-182.25575468727288,0.0,0.0,0.0,0.0,26,29,31,28,32,31,0,-2.0171793921792175e-18,1.6542729139328003,4.95644998550415,0.0060983761213719845,1.0524206161499023,-0.0002398098586127162,0.0,0.4399999976158142,0.5699999928474426,0.8650000095367432,0.2224999964237213,0.019999999552965164,-0.10000000149011612,0.0,0.0,0.0,0.0,0.0,0.0,0.0,0.0,-119.719,-0.248,981.954,-0.577713344830409,2.2783093765582056,-179.95372485799626
41.04521322250366,0.0,0.0,-182.25575468727288,0.0,0.0,0.0,0.0,26,29,31,28,32,31,0,-2.0171793921792175e-18,1.6542729139328003,5.12315034866333,0.0060983761213719845,1.0524206161499023,-0.0002398098586127162,0.0,0.41749998927116394,0.2175000011920929,0.5525000095367432,0.20000000298023224,0.07750000059604645,-0.10999999940395355,0.0,0.0,0.0,0.0,0.0,0.0,0.0,0.0,-119.719,-0.248,981.954,-0.577713344830409,2.2783093765582056,-179.95372485799626
41.545870542526245,0.0,0.0,-167.83108382861832,0.0,0.0,0.0,0.0,26,29,31,28,32,31,0,-0.00047407837701030076,-1.5041069984436035,2.619025707244873,-0.032155271619558334,0.8772392272949219,0.0012454737443476915,0.0,0.3799999952316284,-0.17499999701976776,1.6749999523162842,0.1599999964237213,0.1599999964237213,-0.11999999731779099,0.0,0.0,0.0,30.036053988359967,0.0,0.0,0.0,0.0,-6.897,-0.312,1011.135,-0.5885995429378946,-12.146189594757836,-179.88370941543127
42.046207666397095,0.0,0.0,-156.21287484207352,0.0,0.0,0.0,0.0,26,29,31,28,32,31,0,0.007864993065595627,-11.663284301757812,0.08485520631074905,-0.1033644899725914,0.3489903509616852,0.004788828548043966,0.0,0.36000001430511475,-0.7599999904632568,0.8475000262260437,0.13249999284744263,0.22499999403953552,-0.12999999523162842,0.0,0.0,0.0,12.133899362419353,0.0,0.0,0.0,0.0,87.021,-0.261,1013.562,-0.6119189251997192,-23.76428398974359,-179.82097053686445
42.5468168258667,0.0,0.0,-156.0760525205963,0.0,0.0,0.0,0.0,26,29,31,28,32,31,0,0.002933453069999814,-7.012495994567871,-2.2942123413085938,-0.07789760082960129,0.574059784412384,0.0033301059156656265,0.0,0.3149999976158142,-0.7225000262260437,0.18250000476837158,0.09000000357627869,0.3100000023841858,-0.12999999523162842,0.0,0.0,0.0,-2.7861718334486594,0.0,0.0,0.0,0.0,88.126,-0.26,1013.477,-0.6123199956563108,-23.90110631122083,-179.82016839595127
43.04722285270691,0.0,0.0,-167.22329019954353,0.0,0.0,0.0,0.0,26,29,31,28,32,31,0,-0.0004711775982286781,-1.7007383108139038,4.5723724365234375,-0.034394413232803345,0.8655298352241516,0.0013335456606000662,0.0,0.29249998927116394,-0.3149999976158142,-0.5799999833106995,0.06499999761581421,0.3725000023841858,-0.14000000059604645,0.0,0.0,0.0,-30.019466873960592,0.0,0.0,0.0,0.0,-2.011,-0.311,1011.734,-0.5894589796305909,-12.753983223832611,-179.88061544333758
43.54782700538635,0.0,0.0,-185.23502063039413,0.0,0.0,0.0,0.0,26,29,31,28,32,31,0,-0.0004988348810002208,2.3241448402404785,7.480347156524658,0.014000129885971546,1.069540023803711,-0.0005695000290870667,0.0,0.2574999928474426,0.2874999940395355,-0.07249999791383743,0.019999999552965164,0.4300000071525574,-0.15000000596046448,0.0,0.0,0.0,-30.019466873960592,0.0,0.0,0.0,0.0,-141.897,-0.217,972.447,-0.5776560490508961,5.257518023899947,-179.967876915536
44.04852914810181,0.0,0.0,-191.72571571675417,0.0,0.0,0.0,0.0,26,29,31,28,32,31,0,-5.145111489952937e-19,3.6052658557891846,4.240200042724609,0.031487468630075455,1.1272656917572021,-0.0012381994165480137,0.0,0.23250000178813934,0.9800000190734863,0.7400000095367432,4.6759471294954835e-15,0.4399999976158142,-0.15000000596046448,0.0,0.0,0.0,0.0,0.0,0.0,0.0,0.0,-188.321,-0.131,947.828,-0.5801197675699585,11.748155814480452,-179.99921770692967
44.54919958114624,0.0,0.0,-186.80435203125745,0.0,0.0,0.0,0.0,26,29,31,28,32,31,0,-0.0004976317286491394,2.703082799911499,6.752289295196533,0.01886526681482792,1.0844610929489136,-0.0007607657462358475,0.0,0.19499999284744263,0.9300000071525574,2.3949999809265137,-0.03999999910593033,0.4399999976158142,-0.1599999964237213,0.0,0.0,0.0,29.98086264477168,0.0,0.0,0.0,0.0,-153.373,-0.199,966.979,-0.5778852321689483,6.826849424763272,-179.9753826626522
45.04980492591858,0.0,0.0,-174.81200160449225,0.0,0.0,0.0,0.0,26,29,31,28,32,31,0,-0.00048788407002575696,0.09384758025407791,1.7242144346237183,-0.013500671833753586,0.9661449790000916,0.0005119781126268208,0.0,0.16750000417232513,0.0949999988079071,1.5175000429153442,-0.07000000029802322,0.41999998688697815,-0.16750000417232513,0.0,0.0,0.0,29.98086264477168,0.0,0.0,0.0,0.0,-62.412,-0.298,1000.566,-0.581093795821681,-5.165386410442911,-179.91814417891862
45.55014085769653,0.0,0.0,-156.82347596434445,0.0,0.0,0.0,0.0,26,29,31,28,32,31,0,-0.00043372149229981005,-4.0739970207214355,-1.1980855464935303,-0.06049336865544319,0.7110259532928467,0.0023598982952535152,0.0,0.14000000059604645,-0.7174999713897705,1.0075000524520874,-0.10249999910593033,0.3799999952316284,-0.17000000178813934,0.0,0.0,0.0,29.98086264477168,0.0,0.0,0.0,0.0,82.087,-0.266,1013.909,-0.610314643373353,-23.15362557169316,-179.82452287519425
46.05084705352783,0.0,0.0,-144.83112553757923,0.0,0.0,0.0,0.0,26,29,31,28,32,31,0,-0.00037355045787990093,-6.84505033493042,-3.5044105052948,-0.08879050612449646,0.5000078082084656,0.003472642507404089,0.0,0.11500000208616257,-1.1575000286102295,0.6050000190734863,-0.13500000536441803,0.3449999988079071,-0.17749999463558197,0.0,0.0,0.0,29.98086264477168,0.0,0.0,0.0,0.0,177.66,-0.125,997.547,-0.6525416328744945,-35.14580411111983,-179.74648602349745
46.551307678222656,0.0,0.0,-132.2346484116281,0.0,0.0,0.0,0.0,26,29,31,28,32,31,0,3.4259362177575592e-18,-9.588908195495605,-4.068299770355225,-0.11471545696258545,0.26080623269081116,0.0045110201463103294,0.0,0.07000000029802322,-1.9600000381469727,-0.7099999785423279,-0.15000000596046448,0.2800000011920929,-0.1899999976158142,0.0,0.0,0.0,0.0,0.0,0.0,0.0,0.0,272.068,0.119,959.387,-0.732182766397679,-47.74199475817341,-179.6332695631796
47.05188870429993,0.0,0.0,-132.2346484116281,0.0,0.0,0.0,0.0,26,29,31,28,32,31,0,3.4259362177575592e-18,-9.588908195495605,-6.120030403137207,-0.11471545696258545,0.26080623269081116,0.0045110201463103294,0.0,0.07000000029802322,-1.622499942779541,-0.8650000095367432,-0.13249999284744263,0.23999999463558197,-0.19750000536441803,0.0,0.0,0.0,0.0,0.0,0.0,0.0,0.0,272.068,0.119,959.387,-0.732182766397679,-47.74199475817341,-179.6332695631796
47.55215001106262,0.0,0.0,-116.02286489418096,0.0,0.0,0.0,0.0,26,29,31,28,32,31,0,-0.00016920105554163456,-12.68297004699707,-8.593921661376953,-0.13890035450458527,-0.07808240503072739,0.005443102680146694,0.0,0.11999999731779099,-2.057499885559082,-0.2824999988079071,-0.10000000149011612,0.17000000178813934,-0.20000000298023224,0.0,0.0,0.0,30.010649099742107,0.0,0.0,0.0,0.0,377.396,0.559,881.696,-0.9658922510315419,-63.95309072626639,-179.36014058224072
48.052756786346436,0.0,0.0,-104.01859694527703,0.0,0.0,0.0,0.0,26,29,31,28,32,31,0,-6.794260843889788e-05,-14.50899600982666,-11.616496086120605,-0.1500573605298996,-0.3223549723625183,0.005881835240870714,0.0,0.1599999964237213,-2.4175000190734863,-0.8100000023841858,-0.07999999821186066,0.125,-0.19499999284744263,0.0,0.0,0.0,30.010649099742107,0.0,0.0,0.0,0.0,439.105,0.957,806.78,-1.5063060433989344,-75.95592628068249,-178.79228211148657
48.553101778030396,0.0,0.0,-91.28804769526526,0.0,0.0,0.0,0.0,26,29,31,28,32,31,0,1.2436484733854604e-18,-15.83594036102295,-10.428600311279297,-0.15489841997623444,-0.5597698092460632,0.00609115744009614,0.0,0.23250000178813934,-2.817500114440918,-1.8200000524520874,-0.05000000074505806,0.05999999865889549,-0.17000000178813934,0.0,0.0,0.0,0.0,0.0,0.0,0.0,0.0,486.003,1.424,715.18,-12.866168360119227,-88.65731197892208,-167.40371460923024
49.0537166595459,0.0,0.0,-91.28804769526526,0.0,0.0,0.0,0.0,26,29,31,28,32,31,0,1.2436484733854604e-18,-15.83594036102295,-12.36706256866455,-0.15489841997623444,-0.5597698092460632,0.00609115744009614,0.0,0.2775000035762787,-2.6600000858306885,-1.7549999952316284,-0.029999999329447746,0.009999999776482582,-0.15000000596046448,0.0,0.0,0.0,0.0,0.0,0.0,0.0,0.0,486.003,1.424,715.18,-12.866168360119227,-88.65731197892208,-167.40371460923024
49.554349184036255,0.0,0.0,-107.12947129393983,0.0,0.0,0.0,0.0,26,29,31,28,32,31,0,-9.249070717487484e-05,-14.113463401794434,-11.045077323913574,-0.1479734629392624,-0.2647794485092163,0.005799911450594664,0.0,0.3375000059604645,-2.240000009536743,-3.305000066757202,4.698498534683182e-15,-0.05000000074505806,-0.12999999523162842,0.0,0.0,0.0,-29.993027211683472,0.0,0.0,0.0,0.0,424.642,0.849,827.411,-1.2924781942561112,-72.8455675940353,-179.01315734150953
50.05457067489624,0.0,0.0,-119.12669186196364,0.0,0.0,0.0,0.0,26,29,31,28,32,31,0,-0.00019219948444515467,-12.184345245361328,-7.993852615356445,-0.13531607389450073,-0.018940990790724754,0.005302178207784891,0.0,0.3824999928474426,-1.840000033378601,-2.7725000381469727,0.014999999664723873,-0.10000000149011612,-0.10249999910593033,0.0,0.0,0.0,-29.993027211683472,0.0,0.0,0.0,0.0,359.001,0.465,898.83,-0.8998302172529579,-60.849435645822226,-179.43353647579698
50.555108308792114,0.0,0.0,-131.60892120356573,0.0,0.0,0.0,0.0,26,29,31,28,32,31,0,-1.1392842121934718e-17,-9.717596054077148,-9.81262493133545,-0.11584595590829849,0.248180091381073,0.00455547496676445,0.0,0.42750000953674316,-1.152500033378601,-1.712499976158142,0.042500000447034836,-0.15000000596046448,-0.07999999821186066,0.0,0.0,0.0,0.0,0.0,0.0,0.0,0.0,276.517,0.134,956.959,-0.7376258654514218,-48.36766467045627,-179.6262221822995
51.055684089660645,0.0,0.0,-131.60112897755195,0.0,0.0,0.0,0.0,26,29,31,28,32,31,0,-0.0023752825800329447,-8.383832931518555,-5.515092372894287,-0.10834112763404846,0.3135412633419037,0.004127031192183495,0.0,0.41499999165534973,-1.6924999952316284,-1.3925000429153442,0.07000000029802322,-0.15000000596046448,-0.06750000268220901,0.0,0.0,0.0,1.1314483702127038,0.0,0.0,0.0,0.0,276.573,0.134,956.929,-0.7376831612309349,-48.37551419224956,-179.62610759074045
51.55613946914673,0.0,0.0,-119.83440933050926,0.0,0.0,0.0,0.0,26,29,31,28,32,31,0,-9.695383959734037e-19,-11.983766555786133,-7.248449802398682,-0.13440324366092682,0.006753911264240742,0.005285213701426983,0.0,0.3799999952316284,-2.3575000762939453,-1.2649999856948853,0.09000000357627869,-0.10000000149011612,-0.03999999910593033,0.0,0.0,0.0,0.0,0.0,0.0,0.0,0.0,354.679,0.445,902.595,-0.8867667795239751,-60.14177547305614,-179.44826149113183
52.05676889419556,0.0,0.0,-119.83108617529749,0.0,0.0,0.0,0.0,26,29,31,28,32,31,0,-0.0013412772677838802,-11.338743209838867,-8.145954132080078,-0.13062916696071625,0.03962324559688568,0.00506978714838624,0.0,0.35499998927116394,-1.965000033378601,-1.215000033378601,0.11999999731779099,-0.07999999821186066,-0.029999999329447746,0.0,0.0,0.0,0.5841137223946707,0.0,0.0,0.0,0.0,354.699,0.445,902.578,-0.8868240753034882,-60.14509862826791,-179.44820419535233
52.55713701248169,0.0,0.0,-102.99197116796162,0.0,0.0,0.0,0.0,26,29,31,28,32,31,0,-5.927783786319196e-05,-14.643974304199219,-10.563361167907715,-0.15071064233779907,-0.3427831530570984,0.005907461978495121,0.0,0.3199999928474426,-2.3350000381469727,-0.625,0.14749999344348907,-0.029999999329447746,-0.029999999329447746,0.0,0.0,0.0,30.041149309480797,0.0,0.0,0.0,0.0,443.63,0.993,799.803,-1.5995262766667193,-76.98232287487986,-178.69677004703829
53.057748794555664,0.0,0.0,-101.54032529821816,0.0,0.0,0.0,0.0,26,29,31,28,32,31,0,-9.861952492503228e-18,-14.763697624206543,-11.294820785522461,-0.15180537104606628,-0.3651753067970276,0.005969527177512646,0.0,0.2874999940395355,-2.6024999618530273,-1.7350000143051147,0.16750000417232513,-1.0495077029659683e-16,-0.032499998807907104,0.0,0.0,0.0,0.0,0.0,0.0,0.0,0.0,449.813,1.045,789.802,-1.7597825719648106,-78.43351037838718,-178.53324789230794
53.55814862251282,0.0,0.0,-110.67229852435177,0.0,0.0,0.0,0.0,26,29,31,28,32,31,0,-0.0001227599277626723,-13.58887767791748,-9.351696014404297,-0.14488935470581055,-0.1928868591785431,0.005678601562976837,0.0,0.25999999046325684,-2.575000047683716,-3.009999990463257,0.20000000298023224,0.03999999910593033,-0.05000000074505806,0.0,0.0,0.0,-30.018080345559078,0.0,0.0,0.0,0.0,406.836,0.73,849.91,-1.1280393070535648,-69.30325602563899,-179.18561763784388
54.058767318725586,0.0,0.0,-122.67948855801085,0.0,0.0,0.0,0.0,26,29,31,28,32,31,0,-0.00022067110694479197,-11.535833358764648,-7.446470737457275,-0.13039973378181458,0.054419174790382385,0.0051088179461658,0.0,0.23000000417232513,-1.7699999809265137,-2.677500009536743,0.21250000596046448,0.07000000029802322,-0.05000000074505806,0.0,0.0,0.0,-30.018080345559078,0.0,0.0,0.0,0.0,336.843,0.363,917.186,-0.8401853107798392,-57.29681083711356,-179.5016038618585
54.55914044380188,0.0,0.0,-140.69035955216876,0.0,0.0,0.0,0.0,26,29,31,28,32,31,0,-0.0003482048341538757,-7.826833724975586,-3.134645462036133,-0.09821882098913193,0.4168454706668854,0.003843350103124976,0.0,0.1899999976158142,-1.2400000095367432,-1.9249999523162842,0.20749999582767487,0.10999999940395355,-0.054999999701976776,0.0,0.0,0.0,-30.018080345559078,0.0,0.0,0.0,0.0,209.592,-0.055,987.307,-0.6735691839557958,-39.28651280075078,-179.71405661229304
55.0598304271698,0.0,0.0,-142.85808807426673,0.0,0.0,0.0,0.0,26,29,31,28,32,31,0,4.4683878963905216e-18,-7.305468559265137,-3.8365910053253174,-0.09354991465806961,0.46921518445014954,0.003678715554997325,0.0,0.17000000178813934,-1.1100000143051147,-0.9775000214576721,0.17749999463558197,0.14000000059604645,-0.05999999865889549,0.0,0.0,0.0,0.0,0.0,0.0,0.0,0.0,192.967,-0.093,992.956,-0.6620527322736662,-37.11878427865282,-179.73153182504453
55.56010127067566,0.0,0.0,-139.53315669334305,0.0,0.0,0.0,0.0,26,29,31,28,32,31,0,3.246686882120839e-17,-8.038086891174316,-1.4181749820709229,-0.10055573284626007,0.40538841485977173,0.003954209387302399,0.0,0.13249999284744263,-1.4075000286102295,-0.2475000023841858,0.14000000059604645,0.1875,-0.07500000298023224,0.0,0.0,0.0,0.0,0.0,0.0,0.0,0.0,218.376,-0.034,984.035,-0.6802154943793134,-40.4437156595765,-179.7042590339963
56.06071734428406,0.0,0.0,-139.53315669334305,0.0,0.0,0.0,0.0,26,29,31,28,32,31,0,3.246686882120839e-17,-8.038086891174316,-4.569209098815918,-0.10055573284626007,0.40538841485977173,0.003954209387302399,0.0,0.10499999672174454,-1.1174999475479126,-0.637499988079071,0.10750000178813934,0.20999999344348907,-0.07999999821186066,0.0,0.0,0.0,0.0,0.0,0.0,0.0,0.0,218.376,-0.034,984.035,-0.6802154943793134,-40.4437156595765,-179.7042590339963
56.561100482940674,0.0,0.0,-149.5158576536869,0.0,0.0,0.0,0.0,26,29,31,28,32,31,0,1.671958500021386e-17,-5.802203178405762,-3.5382750034332275,-0.07859980314970016,0.5920600295066833,0.0030908240005373955,0.0,0.07000000029802322,-0.6025000214576721,-0.6175000071525574,0.07000000029802322,0.25999999046325684,-0.07999999821186066,0.0,0.0,0.0,0.0,0.0,0.0,0.0,0.0,140.751,-0.191,1006.319,-0.6331756593990727,-30.46118658657119,-179.77931650515845
57.06169891357422,0.0,0.0,-149.39387493910354,0.0,0.0,0.0,0.0,26,29,31,28,32,31,0,-0.006985523737967014,-0.38588306307792664,0.5751214623451233,-0.04884140193462372,0.8510227203369141,0.001387947122566402,0.0,0.042500000447034836,-1.0724999904632568,-0.2224999964237213,0.03999999910593033,0.2800000011920929,-0.09000000357627869,0.0,0.0,0.0,8.26328494751284,0.0,0.0,0.0,0.0,141.721,-0.19,1006.129,-0.6336340256351773,-30.583112005375032,-179.77851436424524
57.56209969520569,0.0,0.0,-131.88417012834657,0.0,0.0,0.0,0.0,26,29,31,28,32,31,0,-0.0002903334388975054,-9.667777061462402,-6.641245365142822,-0.11494729667901993,0.2475707232952118,0.004501223564147949,0.0,0.07249999791383743,-1.5475000143051147,0.057500001043081284,4.731458280726741e-15,0.3199999928474426,-0.10000000149011612,0.0,0.0,0.0,29.978410606859644,0.0,0.0,0.0,0.0,274.563,0.127,958.033,-0.7352194427118723,-48.09247304145494,-179.6293161543932
58.062697410583496,0.0,0.0,-119.89279372983307,0.0,0.0,0.0,0.0,26,29,31,28,32,31,0,-0.00020004187535960227,-12.00393295288086,-7.815895080566406,-0.1339763104915619,0.0018523831386119127,0.005249511916190386,0.0,0.11999999731779099,-1.899999976158142,-0.14749999344348907,-0.02250000089406967,0.29249998927116394,-0.10000000149011612,0.0,0.0,0.0,29.978410606859644,0.0,0.0,0.0,0.0,354.32,0.443,902.904,-0.8857354554927397,-60.08339107373232,-179.44946470250164
58.56315517425537,0.0,0.0,-108.13690298511835,0.0,0.0,0.0,0.0,26,29,31,28,32,31,0,-1.996386015454074e-17,-13.880457878112793,-9.9128999710083,-0.1472395658493042,-0.2333955317735672,0.00578998401761055,0.0,0.1899999976158142,-2.6675000190734863,-1.7300000190734863,-0.05999999865889549,0.2150000035762787,-0.11749999970197678,0.0,0.0,0.0,0.0,0.0,0.0,0.0,0.0,419.721,0.815,833.92,-1.2390785277499183,-71.8383077901953,-179.0687915434167
59.06371736526489,0.0,0.0,-108.16325904369437,0.0,0.0,0.0,0.0,26,29,31,28,32,31,0,0.00567939318716526,-16.291851043701172,-11.87368392944336,-0.16220343112945557,-0.3635990023612976,0.006644203327596188,0.0,0.23499999940395355,-1.8600000143051147,-1.7174999713897705,-0.09000000357627869,0.1599999964237213,-0.11999999731779099,0.0,0.0,0.0,-2.774606615636535,0.0,0.0,0.0,0.0,419.591,0.814,834.089,-1.2377607248211175,-71.8120090273988,-179.07022393790453
59.564103841781616,0.0,0.0,-125.28856646969808,0.0,0.0,0.0,0.0,26,29,31,28,32,31,0,-0.00024016691895667464,-11.039467811584473,-7.1361870765686035,-0.12646889686584473,0.10819269716739655,0.004954294767230749,0.0,0.29249998927116394,-1.747499942779541,-2.622499942779541,-0.12999999523162842,0.05999999865889549,-0.12999999523162842,0.0,0.0,0.0,-29.9778744370098,0.0,0.0,0.0,0.0,319.868,0.292,929.773,-0.8044327443636758,-54.68784751698535,-179.54371625980065
60.06471538543701,0.0,0.0,-137.27971368509353,0.0,0.0,0.0,0.0,26,29,31,28,32,31,0,-0.00032546024885959923,-8.573744773864746,-3.7698121070861816,-0.1051643118262291,0.3503963053226471,0.004116522613912821,0.0,0.3400000035762787,-1.284999966621399,-2.0350000858306885,-0.1599999964237213,-8.933825901280557e-17,-0.12999999523162842,0.0,0.0,0.0,-29.9778744370098,0.0,0.0,0.0,0.0,235.283,0.01,977.158,-0.6943102561395316,-42.697044076267,-179.6842055111667
60.56516170501709,0.0,0.0,-155.26646315607644,0.0,0.0,0.0,0.0,26,29,31,28,32,31,0,-0.0004257714608684182,-4.493871688842773,0.3987627923488617,-0.06493370980024338,0.681199312210083,0.0025345119647681713,0.0,0.4099999964237213,-1.0175000429153442,-1.3075000047683716,-0.14749999344348907,-0.07999999821186066,-0.14249999821186066,0.0,0.0,0.0,-29.9778744370098,0.0,0.0,0.0,0.0,94.66,-0.253,1012.92,-0.6145545310573209,-24.71063837996117,-179.81541284625166
61.06572723388672,0.0,0.0,-166.99513840552243,0.0,0.0,0.0,0.0,26,29,31,28,32,31,0,-0.005347353406250477,5.382287979125977,2.379514694213867,0.005303279496729374,1.2194504737854004,-0.0009302485268563032,0.0,0.44999998807907104,-0.41749998927116394,-0.7099999785423279,-0.125,-0.07999999821186066,-0.15000000596046448,0.0,0.0,0.0,-16.059922833193948,0.0,0.0,0.0,0.0,-0.174,-0.311,1011.945,-0.5898027543076694,-12.982135017853706,-179.87946952774732
61.566317558288574,0.0,0.0,-167.26185025915584,0.0,0.0,0.0,0.0,26,29,31,28,32,31,0,4.366494547765321e-18,-1.697756290435791,1.7711212635040283,-0.03416277468204498,0.8763476610183716,0.0013434018474072218,0.0,0.4625000059604645,-0.6825000047683716,0.14749999344348907,-0.09000000357627869,-0.019999999552965164,-0.15000000596046448,0.0,0.0,0.0,0.030542124688637602,0.0,0.0,0.0,0.0,-2.32,-0.311,1011.697,-0.5894016838510778,-12.715423164220308,-179.88084462645563
62.06691122055054,0.0,0.0,-156.69851386922642,0.0,0.0,0.0,0.0,26,29,31,28,32,31,0,-0.0004335938428994268,-4.103194236755371,-2.2314329147338867,-0.060803838074207306,0.7089669704437256,0.002372089307755232,0.0,0.4399999976158142,-0.5299999713897705,0.8274999856948853,-0.07249999791383743,0.019999999552965164,-0.1599999964237213,0.0,0.0,0.0,29.9948884382323,0.0,0.0,0.0,0.0,83.097,-0.265,1013.842,-0.6106584180504314,-23.27858766681119,-179.82377803006057
62.567102909088135,0.0,0.0,-138.7015657494902,0.0,0.0,0.0,0.0,26,29,31,28,32,31,0,-0.0003366190067026764,-8.211909294128418,-6.027557849884033,-0.1018252745270729,0.382948637008667,0.003985198214650154,0.0,0.4025000035762787,-1.4075000286102295,0.16500000655651093,-0.03999999910593033,0.07999999821186066,-0.17000000178813934,0.0,0.0,0.0,29.9948884382323,0.0,0.0,0.0,0.0,224.646,-0.018,981.574,-0.6852575229764646,-41.27524930764986,-179.69703976577767
63.06770873069763,0.0,0.0,-126.70365763211221,0.0,0.0,0.0,0.0,26,29,31,28,32,31,0,-0.00025293842190876603,-10.71656608581543,-6.7581329345703125,-0.12383853644132614,0.1421564221382141,0.004850837867707014,0.0,0.3774999976158142,-1.752500057220459,0.03750000149011612,-0.019999999552965164,0.11999999731779099,-0.17000000178813934,0.0,0.0,0.0,29.9948884382323,0.0,0.0,0.0,0.0,310.427,0.255,936.273,-0.7873013062892642,-53.272870946130276,-179.56428544464583
63.56810450553894,0.0,0.0,-108.58673215007558,0.0,0.0,0.0,0.0,26,29,31,28,32,31,0,-0.00010695802484406158,-13.867063522338867,-9.70908260345459,-0.14656607806682587,-0.23043766617774963,0.00574456574395299,0.0,0.3425000011920929,-2.2225000858306885,-0.47749999165534973,0.0024999999441206455,0.1899999976158142,-0.18000000715255737,0.0,0.0,0.0,29.9948884382323,0.0,0.0,0.0,0.0,417.487,0.799,836.799,-1.217134244196408,-71.38853592101762,-179.09176715100145
64.06869959831238,0.0,0.0,-96.58876673691807,0.0,0.0,0.0,0.0,26,29,31,28,32,31,0,-3.4878739825217053e-06,-15.401429176330566,-12.072708129882812,-0.15369011461734772,-0.46732085943222046,0.0060247085057199,0.0,0.3100000023841858,-2.5374999046325684,-0.8899999856948853,0.02250000089406967,0.2199999988079071,-0.1899999976158142,0.0,0.0,0.0,29.9948884382323,0.0,0.0,0.0,0.0,468.959,1.225,754.573,-2.8386621001961503,-83.38231874227064,-177.44331027863055
64.56915068626404,0.0,0.0,-78.59181861718184,0.0,0.0,0.0,0.0,26,29,31,28,32,31,0,0.00015058311691973358,-16.710697174072266,-13.390607833862305,-0.1517537534236908,-0.7820610404014587,0.005948563572019339,0.0,0.2800000011920929,-2.9700000286102295,-1.1200000047683716,0.05000000074505806,0.16500000655651093,-0.20000000298023224,0.0,0.0,0.0,29.9948884382323,0.0,0.0,0.0,0.0,511.523,1.914,615.773,-178.82860763569786,-78.61066892864164,-1.4136014721467671
65.06976890563965,0.0,0.0,-66.59391049980385,0.0,0.0,0.0,0.0,26,29,31,28,32,31,0,0.00024599776952527463,-16.866418838500977,-14.579583168029785,-0.14213010668754578,-0.9514648914337158,0.0055701276287436485,0.0,0.2574999928474426,-3.0299999713897705,-1.3274999856948853,0.07500000298023224,0.11999999731779099,-0.20000000298023224,0.0,0.0,0.0,29.9948884382323,0.0,0.0,0.0,0.0,514.994,2.378,518.827,-179.5737392482655,-66.6146515719876,-0.6411970685309043
65.57013726234436,0.0,0.0,-48.59696238006762,0.0,0.0,0.0,0.0,26,29,31,28,32,31,0,0.00036778906360268593,-16.007375717163086,-13.9063081741333,-0.11624269187450409,-1.1265040636062622,0.004552142228931189,0.0,0.2175000011920929,-2.880000114440918,-1.2100000381469727,0.10999999940395355,0.019999999552965164,-0.18000000715255737,0.0,0.0,0.0,29.9948884382323,0.0,0.0,0.0,0.0,482.467,3.03,377.338,-179.87093245659986,-48.61862018472357,-0.30068825088465606
66.07075238227844,0.0,0.0,-36.598996966910136,0.0,0.0,0.0,0.0,26,29,31,28,32,31,0,0.0004295904655009508,-14.742744445800781,-11.256182670593262,-0.09244916588068008,-1.1830520629882812,0.0036164959892630577,0.0,0.19249999523162842,-2.7174999713897705,-0.7475000023841858,0.12999999523162842,-0.029999999329447746,-0.16750000417232513,0.0,0.0,0.0,29.9948884382323,0.0,0.0,0.0,0.0,437.008,3.408,291.641,-179.95120384369767,-36.620941250463645,-0.18867500193658007
66.57110118865967,0.0,0.0,-18.602048847173897,0.0,0.0,0.0,0.0,26,29,31,28,32,31,0,0.0004864790535066277,-11.945493698120117,-9.250682830810547,-0.04954489320516586,-1.1715041399002075,0.001929347519762814,0.0,0.1599999964237213,-2.244999885559082,-0.39750000834465027,0.1599999964237213,-0.12999999523162842,-0.14000000059604645,0.0,0.0,0.0,29.9948884382323,0.0,0.0,0.0,0.0,338.103,3.849,185.362,179.9889617623968,-18.624279609624974,-0.07414073868992853
67.07170462608337,0.0,0.0,-6.604083434016408,0.0,0.0,0.0,0.0,26,29,31,28,32,31,0,0.0004981131060048938,-9.599252700805664,-6.514607906341553,-0.017954811453819275,-1.1000492572784424,0.0006871130899526179,0.0,0.13500000536441803,-1.7350000143051147,0.07999999821186066,0.18000000715255737,-0.20000000298023224,-0.12999999523162842,0.0,0.0,0.0,29.9948884382323,0.0,0.0,0.0,0.0,255.889,4.039,133.868,179.9714865496453,-6.626486083806023,-0.013006141949469687
67.57216811180115,0.0,0.0,0.0,0.0,0.0,0.0,0.0,26,29,31,28,32,31,0,0.0,-8.10462474822998,-4.635746955871582,-1.26474049539896e-16,-1.030268907546997,-1.7458432649513574e-19,0.0,0.14000000059604645,-1.0924999713897705,-0.5824999809265137,0.20999999344348907,-0.28999999165534973,-0.10000000149011612,0.0,0.0,0.0,0.0,0.0,0.0,0.0,0.0,206.587,4.105,113.184,179.9674758450794,-0.02245994556912827,0.01873571990077792
68.07281827926636,0.0,0.0,0.0,0.0,0.0,0.0,0.0,26,29,31,28,32,31,0,0.0,-8.10462474822998,-4.635746955871582,-1.26474049539896e-16,-1.030268907546997,-1.7458432649513574e-19,0.0,0.1599999964237213,-1.1399999856948853,-0.8799999952316284,0.23000000417232513,-0.3400000035762787,-0.07999999821186066,0.0,0.0,0.0,0.0,0.0,0.0,0.0,0.0,206.587,4.105,113.184,179.9674758450794,-0.02245994556912827,0.01873571990077792
68.57310128211975,0.0,0.0,0.0,0.0,0.0,0.0,0.0,26,29,31,28,32,31,0,0.0,-8.10462474822998,-4.635746955871582,-1.26474049539896e-16,-1.030268907546997,-1.7458432649513574e-19,0.0,0.1899999976158142,-1.2100000381469727,-0.8999999761581421,0.2199999988079071,-0.3700000047683716,-0.05000000074505806,0.0,0.0,0.0,0.0,0.0,0.0,0.0,0.0,206.587,4.105,113.184,179.9674758450794,-0.02245994556912827,0.01873571990077792
69.07370805740356,0.0,0.0,0.0,0.0,0.0,0.0,0.0,26,29,31,28,32,31,0,0.0,-8.10462474822998,-4.635746955871582,-1.26474049539896e-16,-1.030268907546997,-1.7458432649513574e-19,0.0,0.20999999344348907,-1.252500057220459,-0.8700000047683716,0.19249999523162842,-0.36250001192092896,-0.03999999910593033,0.0,0.0,0.0,0.0,0.0,0.0,0.0,0.0,206.587,4.105,113.184,179.9674758450794,-0.02245994556912827,0.01873571990077792
69.57410144805908,0.0,0.0,0.0,0.0,0.0,0.0,0.0,26,29,31,28,32,31,0,0.0,-8.10462474822998,-4.635746955871582,-1.26474049539896e-16,-1.030268907546997,-1.7458432649513574e-19,0.0,0.23999999463558197,-1.309999942779541,-0.8299999833106995,0.1550000011920929,-0.3400000035762787,-0.019999999552965164,0.0,0.0,0.0,0.0,0.0,0.0,0.0,0.0,206.587,4.105,113.184,179.9674758450794,-0.02245994556912827,0.01873571990077792
