Time (s),Pos_0,Pos_1,Pos_2,Pos_3,Pos_4,Pos_5,Pos_6,Temp_0,Temp_1,Temp_2,Temp_3,Temp_4,Temp_5,Temp_6,Torque_0,Torque_1,Torque_2,Torque_3,Torque_4,Torque_5,Torque_6,Current_0,Current_1,Current_2,Current_3,Current_4,Current_5,Current_6,Velocity_0,Velocity_1,Velocity_2,Velocity_3,Velocity_4,Velocity_5,Velocity_6
0.010963916778564453,359.9990539550781,359.99884033203125,359.9989318847656,359.9989929199219,359.99951171875,359.9993896484375,0.0010318487184122205,36.026390075683594,36.10615158081055,34.312744140625,34.218482971191406,40.66621017456055,42.47492599487305,43.595603942871094,-0.08003884553909302,0.2914133071899414,-0.3280559182167053,0.06376725435256958,-0.0035425787791609764,0.14862704277038574,-0.13986088335514069,0.16995501518249512,0.2015770971775055,0.19352714717388153,0.169189453125,0.052522867918014526,0.06457889080047607,-0.11689072102308273,0.0,0.0,0.0,0.0,0.0,0.0,0.0
0.5172395706176758,359.9990539550781,359.99884033203125,359.9989318847656,359.9989929199219,359.99951171875,359.9993896484375,0.0010318487184122205,36.026390075683594,36.10615158081055,34.312744140625,34.218482971191406,40.66621017456055,42.47492599487305,43.595603942871094,-0.08003884553909302,0.2914133071899414,-0.3280559182167053,0.06376725435256958,-0.0035425787791609764,0.14862704277038574,-0.13986088335514069,0.16995501518249512,0.2015770971775055,0.19352714717388153,0.169189453125,0.052522867918014526,0.06457889080047607,-0.11689072102308273,0.0,0.0,0.0,0.0,0.0,0.0,0.0
1.0273749828338623,359.9990539550781,359.99884033203125,359.9989318847656,359.9989929199219,359.99951171875,359.9993896484375,0.0010318487184122205,36.026390075683594,36.10615158081055,34.312744140625,34.218482971191406,40.66621017456055,42.47492599487305,43.595603942871094,-0.08003884553909302,0.2914133071899414,-0.3280559182167053,0.06376725435256958,-0.0035425787791609764,0.14862704277038574,-0.13986088335514069,0.16995501518249512,0.2015770971775055,0.19352714717388153,0.169189453125,0.052522867918014526,0.06457889080047607,-0.11689072102308273,0.0,0.0,0.0,0.0,0.0,0.0,0.0
1.5336980819702148,359.9990539550781,359.99884033203125,359.9989318847656,359.9989929199219,359.99951171875,359.9993896484375,0.0010318487184122205,36.026390075683594,36.10615158081055,34.312744140625,34.218482971191406,40.66621017456055,42.47492599487305,43.595603942871094,-0.08003884553909302,0.2914133071899414,-0.3280559182167053,0.06376725435256958,-0.0035425787791609764,0.14862704277038574,-0.13986088335514069,0.16995501518249512,0.2015770971775055,0.19352714717388153,0.169189453125,0.052522867918014526,0.06457889080047607,-0.11689072102308273,0.0,0.0,0.0,0.0,0.0,0.0,0.0
2.050311803817749,359.9990539550781,359.99884033203125,359.9989318847656,359.9989929199219,359.99951171875,359.9993896484375,0.0010318487184122205,36.026390075683594,36.10615158081055,34.312744140625,34.218482971191406,40.66621017456055,42.47492599487305,43.595603942871094,-0.08003884553909302,0.2914133071899414,-0.3280559182167053,0.06376725435256958,-0.0035425787791609764,0.14862704277038574,-0.13986088335514069,0.16995501518249512,0.2015770971775055,0.19352714717388153,0.169189453125,0.052522867918014526,0.06457889080047607,-0.11689072102308273,0.0,0.0,0.0,0.0,0.0,0.0,0.0
2.5636255741119385,359.9990539550781,359.99884033203125,359.9989318847656,359.9989929199219,359.99951171875,359.9993896484375,0.0010318487184122205,36.026390075683594,36.10615158081055,34.312744140625,34.218482971191406,40.66621017456055,42.47492599487305,43.595603942871094,-0.08003884553909302,0.2914133071899414,-0.3280559182167053,0.06376725435256958,-0.0035425787791609764,0.14862704277038574,-0.13986088335514069,0.16995501518249512,0.2015770971775055,0.19352714717388153,0.169189453125,0.052522867918014526,0.06457889080047607,-0.11689072102308273,0.0,0.0,0.0,0.0,0.0,0.0,0.0
3.0725455284118652,359.9990539550781,359.99884033203125,359.9989318847656,359.9989929199219,359.99951171875,359.9993896484375,0.0010318487184122205,36.026390075683594,36.10615158081055,34.312744140625,34.218482971191406,40.66621017456055,42.47492599487305,43.595603942871094,-0.08003884553909302,0.2914133071899414,-0.3280559182167053,0.06376725435256958,-0.0035425787791609764,0.14862704277038574,-0.13986088335514069,0.16995501518249512,0.2015770971775055,0.19352714717388153,0.169189453125,0.052522867918014526,0.06457889080047607,-0.11689072102308273,0.0,0.0,0.0,0.0,0.0,0.0,0.0
3.5833756923675537,359.9990539550781,359.99884033203125,359.9989318847656,359.9989929199219,359.99951171875,359.9993896484375,0.0010318487184122205,36.026390075683594,36.10615158081055,34.312744140625,34.218482971191406,40.66621017456055,42.47492599487305,43.595603942871094,-0.08003884553909302,0.2914133071899414,-0.3280559182167053,0.06376725435256958,-0.0035425787791609764,0.14862704277038574,-0.13986088335514069,0.16995501518249512,0.2015770971775055,0.19352714717388153,0.169189453125,0.052522867918014526,0.06457889080047607,-0.11689072102308273,0.0,0.0,0.0,0.0,0.0,0.0,0.0
4.098958492279053,359.9990539550781,359.99884033203125,359.9989318847656,359.9989929199219,359.99951171875,359.9993896484375,0.0010318487184122205,36.026390075683594,36.10615158081055,34.312744140625,34.218482971191406,40.66621017456055,42.47492599487305,43.595603942871094,-0.08003884553909302,0.2914133071899414,-0.3280559182167053,0.06376725435256958,-0.0035425787791609764,0.14862704277038574,-0.13986088335514069,0.16995501518249512,0.2015770971775055,0.19352714717388153,0.169189453125,0.052522867918014526,0.06457889080047607,-0.11689072102308273,0.0,0.0,0.0,0.0,0.0,0.0,0.0
4.602935791015625,359.99908447265625,359.99884033203125,359.9989318847656,359.9989929199219,359.9995422363281,359.9993896484375,0.0010318487184122205,36.02558517456055,36.01994705200195,34.31354904174805,34.21928787231445,40.7056884765625,42.46525955200195,43.587547302246094,-0.10605992376804352,0.31705576181411743,-0.297100692987442,0.07747462391853333,-0.003913541324436665,0.13158194720745087,-0.12459730356931686,0.153076171875,0.20947265625,0.2015770971775055,0.17742909491062164,0.04833984375,0.06457889080047607,-0.11689072102308273,0.0,0.0,0.0,0.0,0.0,0.0,0.0
5.116852760314941,359.99908447265625,359.99884033203125,359.9989318847656,359.9989929199219,359.9995422363281,359.9993896484375,0.0010318487184122205,36.016719818115234,36.01994323730469,34.286155700683594,34.213645935058594,40.667823791503906,42.44672775268555,43.584327697753906,-0.06292344629764557,0.2834116518497467,-0.35889360308647156,0.10951714217662811,0.0016541368095204234,0.14407490193843842,-0.13252396881580353,0.16938117146492004,0.2015770971775055,0.2020595222711563,0.17797699570655823,0.056396484375,0.0604248046875,-0.11709877848625183,0.0,0.0,0.0,0.0,0.0,0.0,0.0
5.633439064025879,359.99908447265625,359.99884033203125,359.9989318847656,359.9989929199219,359.9995422363281,359.9993896484375,0.0010318487184122205,36.018333435058594,36.014305114746094,34.3006591796875,34.213645935058594,40.66057205200195,42.44108963012695,43.56982421875,-0.11245531588792801,0.3036990761756897,-0.3292667269706726,0.09025344252586365,0.006925459951162338,0.14541277289390564,-0.13907146453857422,0.153076171875,0.19352714717388153,0.17888645827770233,0.17742909491062164,0.04850739985704422,0.06055893376469612,-0.12091673165559769,0.0,0.0,0.0,0.0,0.0,0.0,0.0
6.1506028175354,359.99908447265625,359.99884033203125,359.9989318847656,359.9990234375,359.9995422363281,359.9993896484375,0.0010318487184122205,36.01591491699219,36.00544357299805,34.30146408081055,34.22492599487305,40.679100036621094,42.472511291503906,43.59479904174805,-0.08128483593463898,0.30812567472457886,-0.3341354429721832,0.06547007709741592,0.0030490700155496597,0.13474202156066895,-0.1311473250389099,0.15328805148601532,0.201416015625,0.18547779321670532,0.17742909491062164,0.040283203125,0.0604248046875,-0.11689072102308273,0.0,0.0,0.0,0.00030383889679796994,0.0,0.0,0.0
6.683552026748657,359.99908447265625,359.99884033203125,359.9989318847656,359.9990234375,359.9995422363281,359.9993896484375,0.0010318487184122205,36.01591873168945,36.000606536865234,34.29179763793945,34.222511291503906,40.693603515625,42.456398010253906,43.588356018066406,-0.09189176559448242,0.2909421920776367,-0.33846455812454224,0.06841054558753967,-0.02972681075334549,0.13468262553215027,-0.1321961134672165,0.14524315297603607,0.20947265625,0.18547779321670532,0.18547779321670532,0.0523681640625,0.0649547129869461,-0.11689072102308273,0.0,0.0,0.0,0.0,0.0,0.0,0.0
7.200130462646484,359.99908447265625,359.99884033203125,359.9989318847656,359.9990234375,359.9995422363281,359.99945068359375,0.0010318487184122205,36.03122329711914,35.986106872558594,34.290992736816406,34.21123123168945,40.71696853637695,42.456398010253906,43.55693435668945,-0.08374716341495514,0.30193892121315,-0.33719155192375183,0.09038771688938141,-0.01820465549826622,0.12801994383335114,-0.1281244456768036,0.15328805148601532,0.201416015625,0.19352714717388153,0.16938117146492004,0.0523681640625,0.06055893376469612,-0.10906263440847397,0.0,0.0,0.0,0.0,0.0,0.0,0.0
7.717496633529663,359.99908447265625,359.99884033203125,359.9989318847656,359.9990234375,359.9995422363281,359.99945068359375,0.0010318487184122205,36.014305114746094,35.978050231933594,34.29985427856445,34.21686935424805,40.70085525512695,42.46928787231445,43.568214416503906,-0.11357583105564117,0.2985602915287018,-0.30906063318252563,0.06268183141946793,-0.015647413209080696,0.13591837882995605,-0.1154789924621582,0.15328805148601532,0.20947265625,0.18547779321670532,0.16938117146492004,0.04833984375,0.06095954775810242,-0.1087646484375,0.0,0.0,0.0,0.0,0.0,0.0,0.0
8.25048542022705,359.99908447265625,359.99884033203125,359.9989318847656,359.9990234375,359.9995422363281,359.99945068359375,0.0010318487184122205,36.01350021362305,35.970802307128906,34.290992736816406,34.214454650878906,40.667823791503906,42.45317459106445,43.563377380371094,-0.09962247312068939,0.3093837797641754,-0.32710254192352295,0.08059496432542801,-0.01422992441803217,0.13955681025981903,-0.10576688498258591,0.1613340973854065,0.21767844259738922,0.19352714717388153,0.16995501518249512,0.04850739985704422,0.06055893376469612,-0.12091673165559769,0.0,0.0,0.0,0.0,0.0,0.0,0.0
8.780179023742676,359.99908447265625,359.99884033203125,359.9989318847656,359.9990234375,359.9995422363281,359.99945068359375,0.0010318487184122205,36.0247802734375,35.978050231933594,34.28535079956055,34.2200927734375,40.696022033691406,42.488624572753906,43.580299377441406,-0.08750494569540024,0.27402499318122864,-0.320399671792984,0.06915320456027985,-0.02397831343114376,0.1535852551460266,-0.12722931802272797,0.17724609375,0.2100914716720581,0.193359375,0.185302734375,0.04449424892663956,0.056396484375,-0.11279296875,0.0,0.0,0.0,0.0,0.0,0.0,0.0006076777935959399
9.299983024597168,359.99908447265625,359.99884033203125,359.9989318847656,359.9990234375,359.9995422363281,359.99945068359375,0.0010318487184122205,36.018333435058594,35.96355056762695,34.282936096191406,34.226539611816406,40.68474197387695,42.433837890625,43.604469299316406,-0.12516839802265167,0.31697526574134827,-0.3716912865638733,0.07500041276216507,-0.009364644065499306,0.1509937196969986,-0.13725249469280243,0.16995501518249512,0.20947265625,0.193359375,0.17742909491062164,0.0523681640625,0.056396484375,-0.11689072102308273,0.0,0.0,0.0,0.0,0.0,0.0,0.0
9.824445247650146,4.637235164642334,4.642230033874512,4.640835285186768,4.639382839202881,1.3124377727508545,5.813481330871582,11.361187934875488,36.02961349487305,35.97160720825195,34.29582595825195,34.22734451293945,40.679908752441406,42.4580078125,43.575462341308594,-1.319067358970642,1.778433918952942,-1.1555531024932861,0.8413853645324707,-0.6297385096549988,0.788173496723175,-0.32229286432266235,0.5166311264038086,0.12890625,0.4351331889629364,0.17797699570655823,0.22562189400196075,0.0523681640625,0.30639076232910156,13.076751708984375,12.813669204711914,12.888072967529297,13.231505393981934,2.597240686416626,12.05537223815918,24.976757049560547
10.350183010101318,11.290599822998047,11.295489311218262,11.290674209594727,11.297694206237793,2.7433245182037354,12.244403839111328,24.276830673217773,36.035255432128906,35.96757507324219,34.303077697753906,34.22734451293945,40.69843673706055,42.440284729003906,43.616554260253906,-1.5292296409606934,6.9196624755859375,-1.2672613859176636,3.410052537918091,-0.7765685319900513,1.3215866088867188,-0.3764650523662567,0.5158767104148865,-0.4201829433441162,0.5805814266204834,-0.11308033764362335,0.1450754702091217,0.10906263440847397,0.24585959315299988,12.860095024108887,13.218099594116211,12.566061973571777,12.738846778869629,2.8784327507019043,11.776813507080078,25.138036727905273
10.86530590057373,18.137657165527344,18.15109634399414,18.139362335205078,18.144855499267578,4.2134552001953125,18.882831573486328,37.586605072021484,36.036865234375,35.962745666503906,34.29582595825195,34.22331619262695,40.708106994628906,42.455589294433594,43.58271408081055,-1.653841495513916,12.460700988769531,-1.5927748680114746,6.198150157928467,-0.9604313969612122,1.989707112312317,-0.2999687194824219,0.59619140625,-0.7816601991653442,0.5081434845924377,-0.298095703125,0.14150819182395935,-0.16521024703979492,0.29450851678848267,12.769766807556152,12.44225788116455,12.875948905944824,12.891045570373535,3.1569907665252686,12.888072967529297,24.760713577270508
11.377342939376831,24.72632598876953,24.742843627929688,24.72816276550293,24.73589324951172,5.6206865310668945,25.268022537231445,50.374595642089844,36.02397155761719,35.95307540893555,34.29179763793945,34.22331619262695,40.67023849487305,42.45317459106445,43.61896896362305,-1.644194483757019,16.7535457611084,-2.1908233165740967,7.939908981323242,-1.112840175628662,2.3224053382873535,-0.4565906822681427,0.6608409881591797,-1.152127742767334,0.49171918630599976,-0.4518188238143921,0.322265625,-0.2538161277770996,0.24183346331119537,12.95991325378418,12.801865577697754,13.154129028320312,12.968422889709473,2.672443151473999,13.04580020904541,25.230337142944336
11.883462190628052,31.19070816040039,31.203411102294922,31.202964782714844,31.210824966430664,7.016798496246338,31.54093360900879,62.986698150634766,36.030418395996094,35.95952224731445,34.28776931762695,34.22734451293945,40.71294021606445,42.45881271362305,43.58271408081055,-1.4928104877471924,18.369220733642578,-2.7314670085906982,8.514935493469238,-1.3626182079315186,2.2637991905212402,-0.5646143555641174,0.5322872996330261,-1.3224921226501465,0.6369333267211914,-0.4754100441932678,0.27392578125,-0.120849609375,0.30223143100738525,12.999374389648438,12.627963066101074,12.78271770477295,12.627963066101074,2.7730190753936768,12.163700103759766,24.65238380432129
12.39998984336853,37.834075927734375,37.842464447021484,37.83091354370117,37.83932876586914,8.441471099853516,37.96422576904297,75.87301635742188,36.03927993774414,35.949851989746094,34.286155700683594,34.22734451293945,40.71455001831055,42.475730895996094,43.60124588012695,-1.6759357452392578,20.202524185180664,-3.966161012649536,8.516450881958008,-1.7029222249984741,1.9500925540924072,-0.4868110120296478,0.2985308766365051,-1.4663970470428467,0.878321647644043,-0.4754100441932678,0.2618408203125,-0.09273889660835266,0.3585205078125,13.231505393981934,13.154129028320312,12.720816612243652,12.627963066101074,2.8784327507019043,11.776813507080078,24.71428680419922
12.916788101196289,44.463497161865234,44.47462463378906,44.459415435791016,44.46767044067383,9.858622550964355,44.383758544921875,88.76287841796875,36.035255432128906,35.949851989746094,34.30146408081055,34.237815856933594,40.68635177612305,42.4459228515625,43.6141357421875,-1.4691911935806274,22.051727294921875,-5.506166934967041,8.694567680358887,-2.1723601818084717,1.9203376770019531,-0.22627905011177063,0.5156879425048828,-1.7402530908584595,1.0315332412719727,-0.4192550778388977,0.418964684009552,0.0281982421875,0.3343505859375,12.720816612243652,13.074856758117676,12.615081787109375,12.730025291442871,3.2034173011779785,11.959173202514648,24.8845157623291
13.433498859405518,51.101707458496094,51.11651611328125,51.09794235229492,51.10764694213867,11.282858848571777,50.8217658996582,101.67765045166016,36.02961349487305,35.95307540893555,34.30549240112305,34.23298263549805,40.66460037231445,42.443504333496094,43.60285568237305,-1.8162692785263062,21.266878128051758,-7.073698997497559,7.349948406219482,-2.668736457824707,1.0492429733276367,-0.2337154597043991,0.7816601991653442,-1.667724609375,1.0796200037002563,-0.2820974886417389,0.5156407356262207,-0.009007598273456097,0.2820111811161041,12.504159927368164,12.746758460998535,13.04580020904541,12.7517671585083,2.5718674659729004,12.3133544921875,25.1375789642334
13.950021505355835,57.71947479248047,57.73118209838867,57.703792572021484,57.722991943359375,12.709930419921875,57.228271484375,114.53873443603516,36.035255432128906,35.938575744628906,34.30146408081055,34.23942947387695,40.683937072753906,42.467674255371094,43.5859375,-1.3796021938323975,20.46617317199707,-7.990407943725586,5.9717326164245605,-2.9382269382476807,0.46776172518730164,-0.4443208873271942,0.6608409881591797,-1.418060302734375,1.5388394594192505,-0.18547779321670532,0.49549978971481323,0.18131916224956512,0.3182373046875,12.674389839172363,12.402252197265625,13.030324935913086,12.829144477844238,2.313243865966797,11.714912414550781,25.230337142944336
14.466739654541016,64.37654876708984,64.38683319091797,64.3707046508789,64.37751770019531,14.136075019836426,63.675052642822266,127.47944641113281,36.040889739990234,35.95146560668945,34.314353942871094,34.234596252441406,40.67668533325195,42.46123123168945,43.6060791015625,-0.6600947380065918,20.390941619873047,-9.196707725524902,3.965754270553589,-3.2947263717651367,-0.4965648949146271,-0.42555922269821167,0.3465292155742645,-1.4584522247314453,1.3228601217269897,-0.0809682309627533,0.6002197265625,0.20962753891944885,0.2860107421875,13.191746711730957,12.758761405944824,12.627963066101074,12.705340385437012,2.59987473487854,12.380356788635254,25.460050582885742
14.994814157485962,71.01973724365234,71.02790832519531,71.01123046875,71.01956939697266,15.557368278503418,70.10946655273438,140.39149475097656,36.044921875,35.956298828125,34.30146408081055,34.226539611816406,40.6895751953125,42.4580078125,43.644752502441406,-0.3227066993713379,19.051223754882812,-9.954061508178711,3.2316248416900635,-3.5463171005249023,-0.6001930236816406,-0.5507916808128357,0.31431224942207336,-1.4663970470428467,1.402989387512207,0.09007597714662552,0.66064453125,0.36659926176071167,0.2740442156791687,12.968422889709473,12.906521797180176,12.813669204711914,12.720816612243652,2.9867608547210693,11.668485641479492,25.27140235900879
15.516788005828857,77.65904998779297,77.66975402832031,77.65422821044922,77.65959167480469,16.980897903442383,76.54322052001953,153.3075714111328,36.043312072753906,35.97160720825195,34.31999588012695,34.23137283325195,40.695213317871094,42.467674255371094,43.603660583496094,-0.7044655084609985,18.119911193847656,-9.951361656188965,1.3353899717330933,-3.6644952297210693,-0.8724813461303711,-0.663557231426239,0.5962458848953247,-1.4422286748886108,1.298019528388977,0.24988576769828796,0.729137122631073,0.3344476521015167,0.25859808921813965,12.627963066101074,12.78271770477295,13.04580020904541,12.937472343444824,2.7704102993011475,12.31845474243164,25.14395523071289
16.033433198928833,84.50581359863281,84.51496887207031,84.4946060180664,84.50538635253906,18.456205368041992,83.18132019042969,166.61941528320312,36.034446716308594,35.965965270996094,34.334495544433594,34.226539611816406,40.69440841674805,42.464454650878906,43.623802185058594,-1.282324194908142,17.401948928833008,-10.531743049621582,-0.12722408771514893,-3.838437080383301,-0.6658143401145935,-0.5703980922698975,0.451171875,-1.232666015625,1.4344440698623657,0.41159892082214355,0.6888427734375,0.12546132504940033,0.26614364981651306,12.829144477844238,12.98620319366455,13.171720504760742,12.746758460998535,2.3808038234710693,13.154129028320312,25.101173400878906
16.562744855880737,90.02497100830078,90.03154754638672,90.01634216308594,90.02396392822266,19.88398551940918,89.60281372070312,179.4970703125,36.038475036621094,35.956298828125,34.33610916137695,34.234596252441406,40.67023849487305,42.43303298950195,43.603660583496094,0.39945805072784424,16.22650718688965,-9.273515701293945,0.1014304906129837,-3.745420217514038,0.136508509516716,-0.3851192593574524,0.4190227687358856,-1.442161202430725,1.3374994993209839,0.19352714717388153,0.5156407356262207,0.18131916224956512,0.2178647369146347,1.621403455734253,2.429644823074341,1.839712142944336,1.9189552068710327,3.189690351486206,12.44225788116455,22.996511459350586
17.083434581756592,90.00881958007812,90.01023864746094,90.00165557861328,90.00222778320312,19.996540069580078,90.00114440917969,180.00157165527344,36.035255432128906,35.9482421875,34.3328857421875,34.22895431518555,40.715354919433594,42.4700927734375,43.61091232299805,-0.5510755181312561,16.435060501098633,-8.457568168640137,-0.09628317505121231,-3.4619951248168945,0.0671655610203743,-0.1757698655128479,-0.6527867913246155,-1.88525390625,0.3544921875,-0.14524315297603607,0.382775217294693,-0.10078854858875275,-0.1329955905675888,-0.021397491917014122,-0.01245739497244358,-0.016985498368740082,-0.015472417697310448,-0.0010610276367515326,-0.0054567670449614525,-0.008346162736415863
17.60002303123474,90.00282287597656,90.0097885131836,89.99723815917969,90.00102233886719,19.996431350708008,90.00092315673828,180.00103759765625,36.03767013549805,35.95952224731445,34.342552185058594,34.22895431518555,40.695213317871094,42.479759216308594,43.599632263183594,-0.3219497799873352,16.685810089111328,-8.691289901733398,-0.04215424880385399,-3.560689687728882,0.047612085938453674,-0.17404542863368988,-0.6365256309509277,-1.82080078125,0.410888671875,-0.16938117146492004,0.3908300995826721,-0.10906263440847397,-0.12896917760372162,-0.0030383889097720385,0.0,-0.0012135191354900599,-0.000607224355917424,0.0,0.0,-0.0004547261050902307
18.133392095565796,90.002685546875,90.0097885131836,89.99718475341797,90.00096893310547,19.996431350708008,90.00086975097656,180.00103759765625,36.043312072753906,35.962745666503906,34.35302734375,34.22895431518555,40.699241638183594,42.443504333496094,43.615745544433594,-0.26487916707992554,16.61255645751953,-8.615483283996582,0.06653960049152374,-3.5443010330200195,0.07496420294046402,-0.18045569956302643,-0.555908203125,-1.8047593832015991,0.4673546254634857,-0.169189453125,0.3907678425312042,-0.10078854858875275,-0.12091673165559769,0.0,0.0,0.0003036091511603445,0.0,0.0,0.0,0.0
18.64813804626465,90.00271606445312,90.0097885131836,89.99718475341797,90.00094604492188,19.996431350708008,90.00092315673828,180.0009765625,36.03767013549805,35.96918869018555,34.34819412231445,34.23137283325195,40.703269958496094,42.472511291503906,43.59077072143555,-0.3178543150424957,16.605728149414062,-8.583024978637695,0.025411399081349373,-3.512830972671509,0.06769751757383347,-0.19510841369628906,-0.5398550629615784,-1.82080078125,0.4997715353965759,-0.17724609375,0.3947959542274475,-0.10143052041530609,-0.1087646484375,0.0,0.0,0.0,0.0,0.0,0.0006063014734536409,-0.000607218302320689
19.155579566955566,90.00271606445312,90.0097885131836,89.99718475341797,90.00091552734375,19.996431350708008,90.00092315673828,180.0009765625,36.03767013549805,35.988521575927734,34.34416580200195,34.22331619262695,40.695213317871094,42.444313049316406,43.615745544433594,-0.34296783804893494,16.636240005493164,-8.638568878173828,0.04063370078802109,-3.5487396717071533,0.04468884319067001,-0.19483576714992523,-0.5156879425048828,-1.7966489791870117,0.49951171875,-0.1613340973854065,0.394775390625,-0.10078854858875275,-0.104736328125,0.0,0.0,0.0,-0.00030315073672682047,0.0,0.0,0.0
19.66725444793701,90.00271606445312,90.0097885131836,89.99718475341797,90.00091552734375,19.996431350708008,90.00086975097656,180.0009765625,36.03767013549805,36.007057189941406,34.35141372680664,34.23137283325195,40.71294021606445,42.46525955200195,43.6141357421875,-0.3394095003604889,16.614662170410156,-8.609511375427246,0.04313609376549721,-3.5359444618225098,0.05222069472074509,-0.19175903499126434,-0.5237436294555664,-1.8046875,0.507568359375,-0.169189453125,0.3907678425312042,-0.09701479971408844,-0.104736328125,0.0,0.0,0.0,0.0,0.0,-0.0006063014734536409,0.0
20.187624216079712,90.00271606445312,90.0097885131836,89.99718475341797,90.00091552734375,19.996431350708008,90.00086975097656,180.0009765625,36.03767013549805,36.02397155761719,34.34174728393555,34.234596252441406,40.67023849487305,42.4700927734375,43.596412658691406,-0.3248383700847626,16.638490676879883,-8.606171607971191,0.04573816433548927,-3.54207444190979,0.06843320280313492,-0.18287160992622375,-0.49152112007141113,-1.796630859375,0.5076322555541992,-0.16938117146492004,0.3947959542274475,-0.088623046875,-0.1087646484375,0.0,0.0,0.0,0.0,0.0,0.0,0.0
20.70001459121704,90.00271606445312,90.0097885131836,89.99718475341797,90.00091552734375,19.996431350708008,90.00086975097656,180.0009765625,36.038475036621094,36.03364181518555,34.343360900878906,34.238624572753906,40.709716796875,42.49345779418945,43.627830505371094,-0.33657243847846985,16.61610984802246,-8.609912872314453,0.04618915542960167,-3.5417871475219727,0.059811875224113464,-0.1946856528520584,-0.4995766878128052,-1.796630859375,0.5158767104148865,-0.169189453125,0.38271164894104004,-0.10102976113557816,-0.1007080078125,0.0,0.00030383889679796994,0.0,0.0,0.0,0.0,0.0
21.21718955039978,90.00271606445312,90.00975799560547,89.99718475341797,90.00091552734375,19.996431350708008,90.00086975097656,180.00091552734375,36.036865234375,36.040889739990234,34.339332580566406,34.2362060546875,40.727439880371094,42.4580078125,43.59479904174805,-0.313763290643692,16.617856979370117,-8.613578796386719,0.04795116186141968,-3.53414249420166,0.07110954076051712,-0.17134195566177368,-0.507568359375,-1.78857421875,0.4995766878128052,-0.16938117146492004,0.394775390625,-0.08898849785327911,-0.10883922129869461,0.0,0.0,0.0,0.0,0.0,0.0,0.0
21.726982355117798,90.00271606445312,90.00975799560547,89.99718475341797,90.00091552734375,19.996431350708008,90.00086975097656,180.00091552734375,36.044921875,36.06586837768555,34.334495544433594,34.22734451293945,40.71455001831055,42.467674255371094,43.62944412231445,-0.3029859960079193,16.660614013671875,-8.599721908569336,0.04943490028381348,-3.536323308944702,0.07311037182807922,-0.1884821057319641,-0.5076322555541992,-1.8046875,0.5076322555541992,-0.15328805148601532,0.40283203125,-0.09273889660835266,-0.1007080078125,0.0,0.0,0.0,0.0,0.0,0.0,0.0
22.23331880569458,90.00271606445312,90.00975799560547,89.99718475341797,90.00091552734375,19.996431350708008,90.00086975097656,180.00091552734375,36.042503356933594,36.06828689575195,34.33610916137695,34.22331619262695,40.68635177612305,42.46364212036133,43.64313888549805,-0.3133845329284668,16.62411117553711,-8.59721851348877,0.05566145479679108,-3.5400538444519043,0.06009570509195328,-0.1967465579509735,-0.515625,-1.7966489791870117,0.5156879425048828,-0.1613340973854065,0.3947959542274475,-0.10078854858875275,-0.10481376945972443,0.0,0.0,0.0,0.0,0.0,0.0,0.0
22.744104623794556,90.00271606445312,90.00975799560547,89.99718475341797,90.00091552734375,19.996431350708008,90.00086975097656,180.00091552734375,36.052974700927734,36.08600997924805,34.338523864746094,34.237815856933594,40.69843673706055,42.490234375,43.64313888549805,-0.28995680809020996,16.625207901000977,-8.610787391662598,0.04974227771162987,-3.5518369674682617,0.07284678518772125,-0.17682193219661713,-0.49951171875,-1.7966489791870117,0.515625,-0.169189453125,0.3947959542274475,-0.088623046875,-0.104736328125,0.0,0.0,0.0,0.0,0.0,0.0,0.0
23.266801834106445,90.00271606445312,90.00975799560547,89.99718475341797,90.00091552734375,19.996431350708008,90.00086975097656,180.00091552734375,36.04411697387695,36.08600997924805,34.3328857421875,34.237815856933594,40.671043395996094,42.47089767456055,43.624610900878906,-0.303221195936203,16.62240982055664,-8.578202247619629,0.05120072141289711,-3.5281996726989746,0.0651020035147667,-0.194785013794899,-0.4995766878128052,-1.7966489791870117,0.507568359375,-0.1613340973854065,0.394775390625,-0.09273889660835266,-0.1087646484375,0.0,0.0,0.0,0.0,0.0,0.0,0.0
23.78351330757141,90.00271606445312,90.00975799560547,89.99718475341797,90.00091552734375,19.996431350708008,90.00086975097656,180.00091552734375,36.04169845581055,36.11017990112305,34.33610916137695,34.2281494140625,40.67023849487305,42.47734451293945,43.607688903808594,-0.2975580096244812,16.635976791381836,-8.592114448547363,0.03891582414507866,-3.5311403274536133,0.0628519281744957,-0.18612833321094513,-0.49152112007141113,-1.7885924577713013,0.5239294767379761,-0.16938117146492004,0.3908300995826721,-0.09701479971408844,-0.1007080078125,0.0,0.0,0.0,0.0,0.0,0.0,0.0
24.297767877578735,90.00271606445312,90.00975799560547,89.99718475341797,90.00091552734375,19.996431350708008,90.00086975097656,180.00091552734375,36.05136489868164,36.11259841918945,34.342552185058594,34.225730895996094,40.67023849487305,42.530517578125,43.619773864746094,-0.29058411717414856,16.62042236328125,-8.59837818145752,0.0629274994134903,-3.5214617252349854,0.0711103305220604,-0.18512937426567078,-0.491455078125,-1.796630859375,0.5237436294555664,-0.169189453125,0.3988037109375,-0.0966796875,-0.10481376945972443,0.0,0.0,0.0,0.0,0.0,0.0,0.0
24.81675362586975,90.00271606445312,90.00975799560547,89.99718475341797,90.00091552734375,19.996431350708008,90.00086975097656,180.00091552734375,36.051368713378906,36.117431640625,34.330467224121094,34.22734451293945,40.683937072753906,42.48701095581055,43.59077072143555,-0.32139942049980164,16.64496421813965,-8.581804275512695,0.04114150255918503,-3.52512788772583,0.06385983526706696,-0.19124116003513336,-0.4995766878128052,-1.7966489791870117,0.515625,-0.15328805148601532,0.3947959542274475,-0.1007080078125,-0.10883922129869461,0.0,0.0,0.0,0.0,0.0,0.0,0.0
25.322932720184326,90.00271606445312,90.00975799560547,89.99718475341797,90.00091552734375,19.996431350708008,90.00086975097656,180.00091552734375,36.04975509643555,36.131126403808594,34.31999588012695,34.23942947387695,40.7218017578125,42.48298263549805,43.5899658203125,-0.32444050908088684,16.64365005493164,-8.601018905639648,0.06028132885694504,-3.525463104248047,0.05650990828871727,-0.1846863478422165,-0.49951171875,-1.7966489791870117,0.5156879425048828,-0.1611328125,0.3907470703125,-0.09273889660835266,-0.0966796875,0.0,0.0,0.0,0.0,0.0,0.0,0.0
25.83393430709839,90.00271606445312,90.00975799560547,89.99718475341797,90.00091552734375,19.996431350708008,90.00086975097656,180.00091552734375,36.042503356933594,36.1295166015625,34.327247619628906,34.2281494140625,40.724220275878906,42.45317459106445,43.62944412231445,-0.3214198648929596,16.62724494934082,-8.61154842376709,0.06988335400819778,-3.522634267807007,0.050822481513023376,-0.18703296780586243,-0.5078240633010864,-1.7967031002044678,0.523681640625,-0.16938117146492004,0.394775390625,-0.09273889660835266,-0.10481376945972443,0.0,0.0,0.0,0.0,0.0,0.0,0.0
26.366750240325928,90.00271606445312,90.00975799560547,89.99718475341797,90.00091552734375,19.996376037597656,90.00086975097656,180.00091552734375,36.055397033691406,36.151268005371094,34.323219299316406,34.2281494140625,40.704078674316406,42.44672775268555,43.59318923950195,-0.31006619334220886,16.622325897216797,-8.60347843170166,0.04817026108503342,-3.5228731632232666,0.05647173151373863,-0.19324351847171783,-0.5158767104148865,-1.8127621412277222,0.5076322555541992,-0.1611328125,0.394775390625,-0.09300099313259125,-0.0966796875,0.0,0.0,0.0,0.0,0.0,0.0,0.0
26.90005326271057,90.00271606445312,90.00975799560547,89.99718475341797,90.00091552734375,19.996431350708008,90.00086975097656,180.00091552734375,36.036865234375,36.160133361816406,34.32563400268555,34.22492599487305,40.696022033691406,42.45075607299805,43.6060791015625,-0.28707122802734375,16.63811492919922,-8.606612205505371,0.04900902882218361,-3.5207886695861816,0.06641654670238495,-0.1854720413684845,-0.49152112007141113,-1.8047055006027222,0.507568359375,-0.1613340973854065,0.3988037109375,-0.10102976113557816,-0.0966796875,0.0,0.0,0.0,0.0,0.0,0.0,0.0
27.43364143371582,90.00271606445312,90.00975799560547,89.99718475341797,90.00091552734375,19.996376037597656,90.00086975097656,180.00091552734375,36.040889739990234,36.16496658325195,34.32402420043945,34.23701095581055,40.703269958496094,42.4459228515625,43.6060791015625,-0.3056604564189911,16.62476921081543,-8.620769500732422,0.05924970284104347,-3.52925705909729,0.060857392847537994,-0.17407113313674927,-0.491455078125,-1.8046875,0.49951171875,-0.1613340973854065,0.3907678425312042,-0.09676357358694077,-0.104736328125,0.0,0.0,0.0,0.0,0.0,0.0,0.0
27.966349363327026,90.00271606445312,90.00975799560547,89.99718475341797,90.00091552734375,19.996376037597656,90.00086975097656,180.00091552734375,36.03364181518555,36.17705154418945,34.3248291015625,34.225730895996094,40.74113845825195,42.416114807128906,43.62702560424805,-0.3205070495605469,16.616254806518555,-8.568107604980469,0.055938832461833954,-3.50787353515625,0.04926083981990814,-0.1747364103794098,-0.49951171875,-1.7805358171463013,0.4995766878128052,-0.1613340973854065,0.40291258692741394,-0.09300099313259125,-0.10906263440847397,0.0,0.0,0.0,0.0,0.0,0.0,0.0
28.483333587646484,90.00271606445312,90.00975799560547,89.99718475341797,90.00091552734375,19.996376037597656,90.00086975097656,180.00086975097656,36.04411697387695,36.183494567871094,34.326438903808594,34.2281494140625,40.675071716308594,42.447532653808594,43.60124588012695,-0.30968761444091797,16.64791488647461,-8.587108612060547,0.04577543959021568,-3.5467734336853027,0.06737586855888367,-0.1947222352027893,-0.49152112007141113,-1.7966489791870117,0.515625,-0.169189453125,0.394775390625,-0.09676357358694077,-0.0926513671875,0.0,0.0,0.0,0.0,0.0,0.0,-0.00045506967580877244
28.994489192962646,90.00271606445312,90.00975799560547,89.99718475341797,90.00091552734375,19.996376037597656,90.00086975097656,180.00091552734375,36.039283752441406,36.197998046875,34.3248291015625,34.23298263549805,40.69440841674805,42.479759216308594,43.627830505371094,-0.297019898891449,16.6142635345459,-8.578662872314453,0.05008352920413017,-3.536254405975342,0.05398605391383171,-0.1937076449394226,-0.4995766878128052,-1.78857421875,0.5076322555541992,-0.16995501518249512,0.4028521478176117,-0.09676357358694077,-0.09676357358694077,0.0,0.00030315073672682047,0.0,0.0,0.0,0.0,0.0
29.50234842300415,90.00271606445312,90.00975799560547,89.99718475341797,90.00091552734375,19.996376037597656,90.00086975097656,180.00091552734375,36.035255432128906,36.200416564941406,34.319190979003906,34.221702575683594,40.700050354003906,42.44269943237305,43.624610900878906,-0.3150534927845001,16.62567138671875,-8.593737602233887,0.029294375330209732,-3.5374701023101807,0.06164931133389473,-0.19799372553825378,-0.491455078125,-1.796630859375,0.5076322555541992,-0.169189453125,0.394775390625,-0.08898849785327911,-0.0966796875,0.00030315073672682047,0.0,0.0,0.0,0.0,0.0,0.0
30.018996477127075,90.00271606445312,90.00975799560547,89.99718475341797,90.00091552734375,19.996376037597656,90.00086975097656,180.00091552734375,36.02800369262695,36.232643127441406,34.315162658691406,34.241844177246094,40.69038009643555,42.447532653808594,43.580299377441406,-0.29586756229400635,16.631927490234375,-8.595109939575195,0.05709020793437958,-3.53377366065979,0.045190297067165375,-0.17195232212543488,-0.4995766878128052,-1.8047055006027222,0.515625,-0.17797699570655823,0.39485761523246765,-0.09273889660835266,-0.10078854858875275,0.0,0.0,0.0,0.0,0.0,0.0,0.0
